index,part,slide_id,source_file
0,part00,TCGA-3C-AALJ-01Z-00-DX2.62DFE56B-B84C-40F9-9625-FCB55767B70D,_tmp_merge_shard00/part00/slide_embedding_TCGA-3C-AALJ-01Z-00-DX2.62DFE56B-B84C-40F9-9625-FCB55767B70D_20260430_v1.npy
1,part00,TCGA-3C-AALK-01Z-00-DX1.4E6EB156-BB19-410F-878F-FC0EA7BD0B53,_tmp_merge_shard00/part00/slide_embedding_TCGA-3C-AALK-01Z-00-DX1.4E6EB156-BB19-410F-878F-FC0EA7BD0B53_20260430_v1.npy
2,part00,TCGA-4H-AAAK-01Z-00-DX1.ABF1B042-1970-4E28-8671-43AAD393D2F9,_tmp_merge_shard00/part00/slide_embedding_TCGA-4H-AAAK-01Z-00-DX1.ABF1B042-1970-4E28-8671-43AAD393D2F9_20260430_v1.npy
3,part00,TCGA-5L-AAT1-01Z-00-DX1.F3449A5B-2AC4-4ED7-BF44-4C8946CDB47D,_tmp_merge_shard00/part00/slide_embedding_TCGA-5L-AAT1-01Z-00-DX1.F3449A5B-2AC4-4ED7-BF44-4C8946CDB47D_20260430_v1.npy
4,part00,TCGA-A1-A0SE-01Z-00-DX1.04B09232-C6C4-46EF-AA2C-41D078D0A80A,_tmp_merge_shard00/part00/slide_embedding_TCGA-A1-A0SE-01Z-00-DX1.04B09232-C6C4-46EF-AA2C-41D078D0A80A_20260430_v1.npy
5,part00,TCGA-A1-A0SF-01Z-00-DX1.7F252D89-EA78-419F-A969-1B7313D77499,_tmp_merge_shard00/part00/slide_embedding_TCGA-A1-A0SF-01Z-00-DX1.7F252D89-EA78-419F-A969-1B7313D77499_20260430_v1.npy
6,part00,TCGA-A1-A0SK-01Z-00-DX1.A44D70FA-4D96-43F4-9DD7-A61535786297,_tmp_merge_shard00/part00/slide_embedding_TCGA-A1-A0SK-01Z-00-DX1.A44D70FA-4D96-43F4-9DD7-A61535786297_20260430_v1.npy
7,part00,TCGA-A1-A0SM-01Z-00-DX1.AD503DBD-4D93-4476-B467-F091254FDF78,_tmp_merge_shard00/part00/slide_embedding_TCGA-A1-A0SM-01Z-00-DX1.AD503DBD-4D93-4476-B467-F091254FDF78_20260430_v1.npy
8,part00,TCGA-A2-A04Q-01Z-00-DX1.DF7ED6B6-7701-486D-9007-F26B6F0682C4,_tmp_merge_shard00/part00/slide_embedding_TCGA-A2-A04Q-01Z-00-DX1.DF7ED6B6-7701-486D-9007-F26B6F0682C4_20260430_v1.npy
9,part00,TCGA-A2-A04W-01Z-00-DX1.F7E7B945-2ADC-4741-8FCE-ACEA657DB9C7,_tmp_merge_shard00/part00/slide_embedding_TCGA-A2-A04W-01Z-00-DX1.F7E7B945-2ADC-4741-8FCE-ACEA657DB9C7_20260430_v1.npy
10,part00,TCGA-A2-A04Y-01Z-00-DX1.4DC97AD6-4806-4A3A-A998-FD36F93590A4,_tmp_merge_shard00/part00/slide_embedding_TCGA-A2-A04Y-01Z-00-DX1.4DC97AD6-4806-4A3A-A998-FD36F93590A4_20260430_v1.npy
11,part00,TCGA-A2-A0CK-01Z-00-DX1.C3226BD1-11B0-4034-946A-BAB42958CE85,_tmp_merge_shard00/part00/slide_embedding_TCGA-A2-A0CK-01Z-00-DX1.C3226BD1-11B0-4034-946A-BAB42958CE85_20260430_v1.npy
12,part00,TCGA-A2-A0CL-01Z-00-DX1.5342E971-DCD2-42C4-B4FF-E6942A95829E,_tmp_merge_shard00/part00/slide_embedding_TCGA-A2-A0CL-01Z-00-DX1.5342E971-DCD2-42C4-B4FF-E6942A95829E_20260430_v1.npy
13,part00,TCGA-A2-A0CO-01Z-00-DX1.B191DADE-7DEA-4575-AED7-1C52BE15B8D5,_tmp_merge_shard00/part00/slide_embedding_TCGA-A2-A0CO-01Z-00-DX1.B191DADE-7DEA-4575-AED7-1C52BE15B8D5_20260430_v1.npy
14,part00,TCGA-A2-A0CR-01Z-00-DX1.F7D36CA5-A4C6-443A-AEED-5B23CD924FA3,_tmp_merge_shard00/part00/slide_embedding_TCGA-A2-A0CR-01Z-00-DX1.F7D36CA5-A4C6-443A-AEED-5B23CD924FA3_20260430_v1.npy
15,part00,TCGA-A2-A0D0-01Z-00-DX1.4FF6B8E5-703B-400F-920A-104F56E0F874,_tmp_merge_shard00/part00/slide_embedding_TCGA-A2-A0D0-01Z-00-DX1.4FF6B8E5-703B-400F-920A-104F56E0F874_20260430_v1.npy
16,part00,TCGA-A2-A0EM-01Z-00-DX1.305CF011-7451-4880-9A5D-AB4432CF53A5,_tmp_merge_shard00/part00/slide_embedding_TCGA-A2-A0EM-01Z-00-DX1.305CF011-7451-4880-9A5D-AB4432CF53A5_20260430_v1.npy
17,part00,TCGA-A2-A0EN-01Z-00-DX1.F43A5D17-9267-4963-993A-93AC91BDC031,_tmp_merge_shard00/part00/slide_embedding_TCGA-A2-A0EN-01Z-00-DX1.F43A5D17-9267-4963-993A-93AC91BDC031_20260430_v1.npy
18,part00,TCGA-A2-A0EY-01Z-00-DX1.2F2428B3-0767-48E0-AC22-443C244CBD16,_tmp_merge_shard00/part00/slide_embedding_TCGA-A2-A0EY-01Z-00-DX1.2F2428B3-0767-48E0-AC22-443C244CBD16_20260430_v1.npy
19,part00,TCGA-A2-A0SX-01Z-00-DX1.219A994C-8974-4458-98FA-FB1F14868E04,_tmp_merge_shard00/part00/slide_embedding_TCGA-A2-A0SX-01Z-00-DX1.219A994C-8974-4458-98FA-FB1F14868E04_20260430_v1.npy
20,part00,TCGA-A2-A0T4-01Z-00-DX1.AC61ED08-2E42-4D4A-BB81-746D3FEBB653,_tmp_merge_shard00/part00/slide_embedding_TCGA-A2-A0T4-01Z-00-DX1.AC61ED08-2E42-4D4A-BB81-746D3FEBB653_20260430_v1.npy
21,part00,TCGA-A2-A0YF-01Z-00-DX1.6166E995-0669-43D6-B9C7-FE39BCE529CF,_tmp_merge_shard00/part00/slide_embedding_TCGA-A2-A0YF-01Z-00-DX1.6166E995-0669-43D6-B9C7-FE39BCE529CF_20260430_v1.npy
22,part00,TCGA-A2-A0YG-01Z-00-DX1.89A39319-F880-47DE-B311-DA1F6A64B6F3,_tmp_merge_shard00/part00/slide_embedding_TCGA-A2-A0YG-01Z-00-DX1.89A39319-F880-47DE-B311-DA1F6A64B6F3_20260430_v1.npy
23,part00,TCGA-A2-A0YH-01Z-00-DX1.FBA5E711-8275-45B3-BC20-5A786EE23548,_tmp_merge_shard00/part00/slide_embedding_TCGA-A2-A0YH-01Z-00-DX1.FBA5E711-8275-45B3-BC20-5A786EE23548_20260430_v1.npy
24,part00,TCGA-A2-A0YK-01Z-00-DX1.FB23FC30-B3B2-452A-A6B0-94129B333207,_tmp_merge_shard00/part00/slide_embedding_TCGA-A2-A0YK-01Z-00-DX1.FB23FC30-B3B2-452A-A6B0-94129B333207_20260430_v1.npy
25,part00,TCGA-A2-A1FX-01Z-00-DX1.35B93F3A-9959-4D72-A702-08B27563D24F,_tmp_merge_shard00/part00/slide_embedding_TCGA-A2-A1FX-01Z-00-DX1.35B93F3A-9959-4D72-A702-08B27563D24F_20260430_v1.npy
26,part00,TCGA-A2-A25A-01Z-00-DX1.6D311E39-9F96-4775-B9DA-8D034D1AD1DC,_tmp_merge_shard00/part00/slide_embedding_TCGA-A2-A25A-01Z-00-DX1.6D311E39-9F96-4775-B9DA-8D034D1AD1DC_20260430_v1.npy
27,part00,TCGA-A2-A3XT-01Z-00-DX1.336D6C78-576A-481B-8C83-F3A0FC4B182C,_tmp_merge_shard00/part00/slide_embedding_TCGA-A2-A3XT-01Z-00-DX1.336D6C78-576A-481B-8C83-F3A0FC4B182C_20260430_v1.npy
28,part00,TCGA-A2-A3XV-01Z-00-DX1.4B58B7CD-B3F6-4C31-863F-924D291EF17C,_tmp_merge_shard00/part00/slide_embedding_TCGA-A2-A3XV-01Z-00-DX1.4B58B7CD-B3F6-4C31-863F-924D291EF17C_20260430_v1.npy
29,part00,TCGA-A2-A3XW-01Z-00-DX1.45F5F36F-5503-4A38-AF37-E526915A8DBE,_tmp_merge_shard00/part00/slide_embedding_TCGA-A2-A3XW-01Z-00-DX1.45F5F36F-5503-4A38-AF37-E526915A8DBE_20260430_v1.npy
30,part00,TCGA-A2-A4RX-01Z-00-DX1.E2C96C9D-5023-4F41-8CC8-24C6E015B252,_tmp_merge_shard00/part00/slide_embedding_TCGA-A2-A4RX-01Z-00-DX1.E2C96C9D-5023-4F41-8CC8-24C6E015B252_20260430_v1.npy
31,part00,TCGA-A2-A4RY-01Z-00-DX1.143E32FC-E10F-4590-9C72-32094B24EF8C,_tmp_merge_shard00/part00/slide_embedding_TCGA-A2-A4RY-01Z-00-DX1.143E32FC-E10F-4590-9C72-32094B24EF8C_20260430_v1.npy
32,part00,TCGA-A2-A4S3-01Z-00-DX1.50699E65-E536-4C9B-93A7-4C9894624A29,_tmp_merge_shard00/part00/slide_embedding_TCGA-A2-A4S3-01Z-00-DX1.50699E65-E536-4C9B-93A7-4C9894624A29_20260430_v1.npy
33,part00,TCGA-A7-A0CD-01Z-00-DX2.609CED8D-5947-4753-A75B-73A8343B47EC,_tmp_merge_shard00/part00/slide_embedding_TCGA-A7-A0CD-01Z-00-DX2.609CED8D-5947-4753-A75B-73A8343B47EC_20260430_v1.npy
34,part00,TCGA-A7-A0CH-01Z-00-DX2.81DDF423-FCA8-46CA-83A4-2E80B611844D,_tmp_merge_shard00/part00/slide_embedding_TCGA-A7-A0CH-01Z-00-DX2.81DDF423-FCA8-46CA-83A4-2E80B611844D_20260430_v1.npy
35,part00,TCGA-A7-A0D9-01Z-00-DX1.FBC3B90F-C58B-4476-8354-0AF9248324E3,_tmp_merge_shard00/part00/slide_embedding_TCGA-A7-A0D9-01Z-00-DX1.FBC3B90F-C58B-4476-8354-0AF9248324E3_20260430_v1.npy
36,part00,TCGA-A7-A0DC-01Z-00-DX1.C770781E-83E4-47DD-B658-25BBBBB32066,_tmp_merge_shard00/part00/slide_embedding_TCGA-A7-A0DC-01Z-00-DX1.C770781E-83E4-47DD-B658-25BBBBB32066_20260430_v1.npy
37,part00,TCGA-A7-A0DC-01Z-00-DX2.795FD529-D7C2-407D-9E8A-5DCE1EF49029,_tmp_merge_shard00/part00/slide_embedding_TCGA-A7-A0DC-01Z-00-DX2.795FD529-D7C2-407D-9E8A-5DCE1EF49029_20260430_v1.npy
38,part00,TCGA-A7-A13D-01Z-00-DX2.8165A362-6A08-4BFD-9428-7EEB6C59D7F1,_tmp_merge_shard00/part00/slide_embedding_TCGA-A7-A13D-01Z-00-DX2.8165A362-6A08-4BFD-9428-7EEB6C59D7F1_20260430_v1.npy
39,part00,TCGA-A7-A13G-01Z-00-DX1.C258C545-8C1F-41D4-846F-962A746CBDFB,_tmp_merge_shard00/part00/slide_embedding_TCGA-A7-A13G-01Z-00-DX1.C258C545-8C1F-41D4-846F-962A746CBDFB_20260430_v1.npy
40,part00,TCGA-A7-A2KD-01Z-00-DX1.BFF2DFC8-1D95-4DC2-98FC-5BD7D7C6CDF5,_tmp_merge_shard00/part00/slide_embedding_TCGA-A7-A2KD-01Z-00-DX1.BFF2DFC8-1D95-4DC2-98FC-5BD7D7C6CDF5_20260430_v1.npy
41,part00,TCGA-A7-A3IZ-01Z-00-DX1.7437130B-DF49-40C8-ABCD-FF9364B9B1B0,_tmp_merge_shard00/part00/slide_embedding_TCGA-A7-A3IZ-01Z-00-DX1.7437130B-DF49-40C8-ABCD-FF9364B9B1B0_20260430_v1.npy
42,part00,TCGA-A7-A3J1-01Z-00-DX1.92895B92-5F95-4EA3-9237-4CAF63CDE3FF,_tmp_merge_shard00/part00/slide_embedding_TCGA-A7-A3J1-01Z-00-DX1.92895B92-5F95-4EA3-9237-4CAF63CDE3FF_20260430_v1.npy
43,part00,TCGA-A7-A4SB-01Z-00-DX1.E8925605-5189-441E-A719-92CFC1118B0B,_tmp_merge_shard00/part00/slide_embedding_TCGA-A7-A4SB-01Z-00-DX1.E8925605-5189-441E-A719-92CFC1118B0B_20260430_v1.npy
44,part00,TCGA-A7-A4SC-01Z-00-DX1.171E89D2-2D64-4C3F-A42C-B1167654858B,_tmp_merge_shard00/part00/slide_embedding_TCGA-A7-A4SC-01Z-00-DX1.171E89D2-2D64-4C3F-A42C-B1167654858B_20260430_v1.npy
45,part00,TCGA-A7-A4SD-01Z-00-DX1.677152B3-17B2-42DB-AEEC-C9509ACCE831,_tmp_merge_shard00/part00/slide_embedding_TCGA-A7-A4SD-01Z-00-DX1.677152B3-17B2-42DB-AEEC-C9509ACCE831_20260430_v1.npy
46,part00,TCGA-A7-A5ZW-01Z-00-DX1.5F571EE3-A1A3-4604-BE89-1A46E0EC508B,_tmp_merge_shard00/part00/slide_embedding_TCGA-A7-A5ZW-01Z-00-DX1.5F571EE3-A1A3-4604-BE89-1A46E0EC508B_20260430_v1.npy
47,part00,TCGA-A7-A6VW-01Z-00-DX1.1BC4790C-DB45-4A3D-9C97-92C92C03FF60,_tmp_merge_shard00/part00/slide_embedding_TCGA-A7-A6VW-01Z-00-DX1.1BC4790C-DB45-4A3D-9C97-92C92C03FF60_20260430_v1.npy
48,part00,TCGA-A8-A06R-01Z-00-DX1.41476D0D-BA72-4FB8-B143-9EB679F26D28,_tmp_merge_shard00/part00/slide_embedding_TCGA-A8-A06R-01Z-00-DX1.41476D0D-BA72-4FB8-B143-9EB679F26D28_20260430_v1.npy
49,part00,TCGA-A8-A06Y-01Z-00-DX1.3BC58446-524E-43F3-AAE6-FBC4AA543E66,_tmp_merge_shard00/part00/slide_embedding_TCGA-A8-A06Y-01Z-00-DX1.3BC58446-524E-43F3-AAE6-FBC4AA543E66_20260430_v1.npy
50,part01,TCGA-A8-A06Z-01Z-00-DX1.2BC8B71D-E01B-4CC1-B5E7-09BB54A5E1F8,_tmp_merge_shard00/part01/slide_embedding_TCGA-A8-A06Z-01Z-00-DX1.2BC8B71D-E01B-4CC1-B5E7-09BB54A5E1F8_20260430_v1.npy
51,part01,TCGA-A8-A07B-01Z-00-DX1.950B5E4E-C5F0-4445-9F88-E8C32CDFE6DA,_tmp_merge_shard00/part01/slide_embedding_TCGA-A8-A07B-01Z-00-DX1.950B5E4E-C5F0-4445-9F88-E8C32CDFE6DA_20260430_v1.npy
52,part01,TCGA-A8-A07C-01Z-00-DX1.1F069BCA-D2B3-49CF-81FD-9EBA49A3439F,_tmp_merge_shard00/part01/slide_embedding_TCGA-A8-A07C-01Z-00-DX1.1F069BCA-D2B3-49CF-81FD-9EBA49A3439F_20260430_v1.npy
53,part01,TCGA-A8-A07E-01Z-00-DX1.AC684481-979A-46F9-91D7-C56CE85992F2,_tmp_merge_shard00/part01/slide_embedding_TCGA-A8-A07E-01Z-00-DX1.AC684481-979A-46F9-91D7-C56CE85992F2_20260430_v1.npy
54,part01,TCGA-A8-A07S-01Z-00-DX1.34AFF327-E7FD-49E1-B918-0C09129581FB,_tmp_merge_shard00/part01/slide_embedding_TCGA-A8-A07S-01Z-00-DX1.34AFF327-E7FD-49E1-B918-0C09129581FB_20260430_v1.npy
55,part01,TCGA-A8-A07W-01Z-00-DX1.5970CF33-D675-4AF4-800F-7182AA1A44A6,_tmp_merge_shard00/part01/slide_embedding_TCGA-A8-A07W-01Z-00-DX1.5970CF33-D675-4AF4-800F-7182AA1A44A6_20260430_v1.npy
56,part01,TCGA-A8-A083-01Z-00-DX1.AD121BA9-B5FA-4A03-869B-8FE2C5014CE0,_tmp_merge_shard00/part01/slide_embedding_TCGA-A8-A083-01Z-00-DX1.AD121BA9-B5FA-4A03-869B-8FE2C5014CE0_20260430_v1.npy
57,part01,TCGA-A8-A08C-01Z-00-DX1.0602211C-1098-4711-AA41-8F56B11DB36F,_tmp_merge_shard00/part01/slide_embedding_TCGA-A8-A08C-01Z-00-DX1.0602211C-1098-4711-AA41-8F56B11DB36F_20260430_v1.npy
58,part01,TCGA-A8-A08J-01Z-00-DX1.4607286A-033B-4C44-8306-50DB9C596166,_tmp_merge_shard00/part01/slide_embedding_TCGA-A8-A08J-01Z-00-DX1.4607286A-033B-4C44-8306-50DB9C596166_20260430_v1.npy
59,part01,TCGA-A8-A08L-01Z-00-DX1.0FC652B1-336D-4198-93FE-58D2214866D3,_tmp_merge_shard00/part01/slide_embedding_TCGA-A8-A08L-01Z-00-DX1.0FC652B1-336D-4198-93FE-58D2214866D3_20260430_v1.npy
60,part01,TCGA-A8-A08P-01Z-00-DX1.431A1290-9CF4-4CE7-A9F0-13F9ADA46ADA,_tmp_merge_shard00/part01/slide_embedding_TCGA-A8-A08P-01Z-00-DX1.431A1290-9CF4-4CE7-A9F0-13F9ADA46ADA_20260430_v1.npy
61,part01,TCGA-A8-A091-01Z-00-DX1.1F38CADB-A093-416E-A8A8-31E61CD730BA,_tmp_merge_shard00/part01/slide_embedding_TCGA-A8-A091-01Z-00-DX1.1F38CADB-A093-416E-A8A8-31E61CD730BA_20260430_v1.npy
62,part01,TCGA-A8-A097-01Z-00-DX1.4D06990E-E759-40F0-9106-59408CF350E5,_tmp_merge_shard00/part01/slide_embedding_TCGA-A8-A097-01Z-00-DX1.4D06990E-E759-40F0-9106-59408CF350E5_20260430_v1.npy
63,part01,TCGA-A8-A09A-01Z-00-DX1.78773A6C-BA8A-46BE-AC2A-9C6FDAB45622,_tmp_merge_shard00/part01/slide_embedding_TCGA-A8-A09A-01Z-00-DX1.78773A6C-BA8A-46BE-AC2A-9C6FDAB45622_20260430_v1.npy
64,part01,TCGA-A8-A09B-01Z-00-DX1.97CCDA89-AB73-4F05-A900-668160227B78,_tmp_merge_shard00/part01/slide_embedding_TCGA-A8-A09B-01Z-00-DX1.97CCDA89-AB73-4F05-A900-668160227B78_20260430_v1.npy
65,part01,TCGA-A8-A09D-01Z-00-DX1.66312A8A-88BA-4B58-96DF-1A7AC39F9E4A,_tmp_merge_shard00/part01/slide_embedding_TCGA-A8-A09D-01Z-00-DX1.66312A8A-88BA-4B58-96DF-1A7AC39F9E4A_20260430_v1.npy
66,part01,TCGA-A8-A09Q-01Z-00-DX1.C7240AFB-5971-4577-812C-A255C249001A,_tmp_merge_shard00/part01/slide_embedding_TCGA-A8-A09Q-01Z-00-DX1.C7240AFB-5971-4577-812C-A255C249001A_20260430_v1.npy
67,part01,TCGA-A8-A09T-01Z-00-DX1.4183BBA4-AF11-4602-9EC2-35083C34A393,_tmp_merge_shard00/part01/slide_embedding_TCGA-A8-A09T-01Z-00-DX1.4183BBA4-AF11-4602-9EC2-35083C34A393_20260430_v1.npy
68,part01,TCGA-A8-A09V-01Z-00-DX1.2D6731CA-5712-4EB8-8602-E53301BF4238,_tmp_merge_shard00/part01/slide_embedding_TCGA-A8-A09V-01Z-00-DX1.2D6731CA-5712-4EB8-8602-E53301BF4238_20260430_v1.npy
69,part01,TCGA-A8-A0AD-01Z-00-DX1.A831FB53-7605-4138-9341-6BBCA284441C,_tmp_merge_shard00/part01/slide_embedding_TCGA-A8-A0AD-01Z-00-DX1.A831FB53-7605-4138-9341-6BBCA284441C_20260430_v1.npy
70,part01,TCGA-AC-A2FE-01Z-00-DX1.C036AE58-3C0D-4DBF-B658-296D03FD6701,_tmp_merge_shard00/part01/slide_embedding_TCGA-AC-A2FE-01Z-00-DX1.C036AE58-3C0D-4DBF-B658-296D03FD6701_20260430_v1.npy
71,part01,TCGA-AC-A2QI-01Z-00-DX1.977549F4-D866-4465-85FB-5C916282A488,_tmp_merge_shard00/part01/slide_embedding_TCGA-AC-A2QI-01Z-00-DX1.977549F4-D866-4465-85FB-5C916282A488_20260430_v1.npy
72,part01,TCGA-AC-A3TN-01Z-00-DX1.F00E81C7-0CA2-49E8-A30F-DE423538E93C,_tmp_merge_shard00/part01/slide_embedding_TCGA-AC-A3TN-01Z-00-DX1.F00E81C7-0CA2-49E8-A30F-DE423538E93C_20260430_v1.npy
73,part01,TCGA-AC-A3W6-01Z-00-DX1.88CC534C-F032-4E5D-9CC4-4BB50AA46880,_tmp_merge_shard00/part01/slide_embedding_TCGA-AC-A3W6-01Z-00-DX1.88CC534C-F032-4E5D-9CC4-4BB50AA46880_20260430_v1.npy
74,part01,TCGA-AC-A5EH-01Z-00-DX1.DF59B26B-379F-4047-B7AE-4493810D30A0,_tmp_merge_shard00/part01/slide_embedding_TCGA-AC-A5EH-01Z-00-DX1.DF59B26B-379F-4047-B7AE-4493810D30A0_20260430_v1.npy
75,part01,TCGA-AC-A62V-01Z-00-DX1.2D8994FD-58B8-43C1-B99D-AA964E7DFD60,_tmp_merge_shard00/part01/slide_embedding_TCGA-AC-A62V-01Z-00-DX1.2D8994FD-58B8-43C1-B99D-AA964E7DFD60_20260430_v1.npy
76,part01,TCGA-AC-A62Y-01Z-00-DX1.5075F4DA-488C-40AD-BD73-6DE8953E1864,_tmp_merge_shard00/part01/slide_embedding_TCGA-AC-A62Y-01Z-00-DX1.5075F4DA-488C-40AD-BD73-6DE8953E1864_20260430_v1.npy
77,part01,TCGA-AC-A8OS-01Z-00-DX1.3FD44846-8BD2-4A7A-9A87-8D3D29C25F60,_tmp_merge_shard00/part01/slide_embedding_TCGA-AC-A8OS-01Z-00-DX1.3FD44846-8BD2-4A7A-9A87-8D3D29C25F60_20260430_v1.npy
78,part01,TCGA-AN-A03Y-01Z-00-DX1.074C48E5-ED69-40AE-8709-444898122BF4,_tmp_merge_shard00/part01/slide_embedding_TCGA-AN-A03Y-01Z-00-DX1.074C48E5-ED69-40AE-8709-444898122BF4_20260430_v1.npy
79,part01,TCGA-AN-A0AJ-01Z-00-DX1.74EE47B0-FE27-44CF-9355-C738DE1BD017,_tmp_merge_shard00/part01/slide_embedding_TCGA-AN-A0AJ-01Z-00-DX1.74EE47B0-FE27-44CF-9355-C738DE1BD017_20260430_v1.npy
80,part01,TCGA-AN-A0AL-01Z-00-DX1.D9E446A3-175F-4242-AFC1-78FFE3FC9AC4,_tmp_merge_shard00/part01/slide_embedding_TCGA-AN-A0AL-01Z-00-DX1.D9E446A3-175F-4242-AFC1-78FFE3FC9AC4_20260430_v1.npy
81,part01,TCGA-AN-A0AT-01Z-00-DX1.DFD68CD2-C25E-47BE-BC06-8CE3C657B9FD,_tmp_merge_shard00/part01/slide_embedding_TCGA-AN-A0AT-01Z-00-DX1.DFD68CD2-C25E-47BE-BC06-8CE3C657B9FD_20260430_v1.npy
82,part01,TCGA-AN-A0FK-01Z-00-DX1.8966A1D5-CE3A-4B08-A1F6-E613BEB1ABD1,_tmp_merge_shard00/part01/slide_embedding_TCGA-AN-A0FK-01Z-00-DX1.8966A1D5-CE3A-4B08-A1F6-E613BEB1ABD1_20260430_v1.npy
83,part01,TCGA-AN-A0FS-01Z-00-DX1.104368C2-28DA-4E43-8B27-78336AD5ABC8,_tmp_merge_shard00/part01/slide_embedding_TCGA-AN-A0FS-01Z-00-DX1.104368C2-28DA-4E43-8B27-78336AD5ABC8_20260430_v1.npy
84,part01,TCGA-AN-A0FT-01Z-00-DX1.6F263AB3-FB1D-4056-AEC2-4F163017324F,_tmp_merge_shard00/part01/slide_embedding_TCGA-AN-A0FT-01Z-00-DX1.6F263AB3-FB1D-4056-AEC2-4F163017324F_20260430_v1.npy
85,part01,TCGA-AN-A0XO-01Z-00-DX1.204E554E-B1A8-41AD-8E39-62484DF4E3CD,_tmp_merge_shard00/part01/slide_embedding_TCGA-AN-A0XO-01Z-00-DX1.204E554E-B1A8-41AD-8E39-62484DF4E3CD_20260430_v1.npy
86,part01,TCGA-AN-A0XS-01Z-00-DX1.B4D4B73E-2912-4B2E-B18A-FBC35F8160D3,_tmp_merge_shard00/part01/slide_embedding_TCGA-AN-A0XS-01Z-00-DX1.B4D4B73E-2912-4B2E-B18A-FBC35F8160D3_20260430_v1.npy
87,part01,TCGA-AN-A0XW-01Z-00-DX1.811E11E7-FA67-46BB-9BC6-1FD0106B789D,_tmp_merge_shard00/part01/slide_embedding_TCGA-AN-A0XW-01Z-00-DX1.811E11E7-FA67-46BB-9BC6-1FD0106B789D_20260430_v1.npy
88,part01,TCGA-AO-A03O-01Z-00-DX1.054BBC89-69F4-4311-814D-E343472CD2C0,_tmp_merge_shard00/part01/slide_embedding_TCGA-AO-A03O-01Z-00-DX1.054BBC89-69F4-4311-814D-E343472CD2C0_20260430_v1.npy
89,part01,TCGA-AO-A0J5-01Z-00-DX1.20C14D0C-1A74-4FE9-A5E6-BDDCB8DE7714,_tmp_merge_shard00/part01/slide_embedding_TCGA-AO-A0J5-01Z-00-DX1.20C14D0C-1A74-4FE9-A5E6-BDDCB8DE7714_20260430_v1.npy
90,part01,TCGA-AO-A0JB-01Z-00-DX1.250FE098-345B-4981-9236-0519E1C9058E,_tmp_merge_shard00/part01/slide_embedding_TCGA-AO-A0JB-01Z-00-DX1.250FE098-345B-4981-9236-0519E1C9058E_20260430_v1.npy
91,part01,TCGA-AO-A126-01Z-00-DX1.D9D6AA15-32F0-44BD-AF30-36191784FFA2,_tmp_merge_shard00/part01/slide_embedding_TCGA-AO-A126-01Z-00-DX1.D9D6AA15-32F0-44BD-AF30-36191784FFA2_20260430_v1.npy
92,part01,TCGA-AO-A12B-01Z-00-DX1.B215230B-5FF7-4B0A-9C1E-5F1658534B11,_tmp_merge_shard00/part01/slide_embedding_TCGA-AO-A12B-01Z-00-DX1.B215230B-5FF7-4B0A-9C1E-5F1658534B11_20260430_v1.npy
93,part01,TCGA-AO-A12E-01Z-00-DX1.F2797928-26EC-4B28-BC50-432EB380624B,_tmp_merge_shard00/part01/slide_embedding_TCGA-AO-A12E-01Z-00-DX1.F2797928-26EC-4B28-BC50-432EB380624B_20260430_v1.npy
94,part01,TCGA-AO-A1KP-01Z-00-DX1.612442AB-24E2-489B-9838-7CEE82BCD605,_tmp_merge_shard00/part01/slide_embedding_TCGA-AO-A1KP-01Z-00-DX1.612442AB-24E2-489B-9838-7CEE82BCD605_20260430_v1.npy
95,part01,TCGA-AQ-A04H-01Z-00-DX1.5AC1E459-EF27-401D-98FD-0AC16559AF17,_tmp_merge_shard00/part01/slide_embedding_TCGA-AQ-A04H-01Z-00-DX1.5AC1E459-EF27-401D-98FD-0AC16559AF17_20260430_v1.npy
96,part01,TCGA-AQ-A04J-01Z-00-DX1.6A4E16D4-2696-4E5F-BCA8-708556FC3A8C,_tmp_merge_shard00/part01/slide_embedding_TCGA-AQ-A04J-01Z-00-DX1.6A4E16D4-2696-4E5F-BCA8-708556FC3A8C_20260430_v1.npy
97,part01,TCGA-AQ-A04L-01Z-00-DX1.F35BF4DD-896A-43C2-8DA6-C67945C003BE,_tmp_merge_shard00/part01/slide_embedding_TCGA-AQ-A04L-01Z-00-DX1.F35BF4DD-896A-43C2-8DA6-C67945C003BE_20260430_v1.npy
98,part01,TCGA-AQ-A7U7-01Z-00-DX1.AB5629A1-399E-402B-AD3D-DAF9F97D8300,_tmp_merge_shard00/part01/slide_embedding_TCGA-AQ-A7U7-01Z-00-DX1.AB5629A1-399E-402B-AD3D-DAF9F97D8300_20260430_v1.npy
99,part01,TCGA-AR-A0TR-01Z-00-DX1.BBCE653F-7DD0-4830-BAD3-C06207A93853,_tmp_merge_shard00/part01/slide_embedding_TCGA-AR-A0TR-01Z-00-DX1.BBCE653F-7DD0-4830-BAD3-C06207A93853_20260430_v1.npy
100,part02,TCGA-AR-A0TW-01Z-00-DX1.0C1EAE07-6BA6-4908-89E1-0133F3640174,_tmp_merge_shard00/part02/slide_embedding_TCGA-AR-A0TW-01Z-00-DX1.0C1EAE07-6BA6-4908-89E1-0133F3640174_20260430_v1.npy
101,part02,TCGA-AR-A0TX-01Z-00-DX1.5BEA4E65-8CEC-49B2-9F29-DBE53E8ED46E,_tmp_merge_shard00/part02/slide_embedding_TCGA-AR-A0TX-01Z-00-DX1.5BEA4E65-8CEC-49B2-9F29-DBE53E8ED46E_20260430_v1.npy
102,part02,TCGA-AR-A0U4-01Z-00-DX1.DE722DC5-859D-4866-ADCC-ED98EDBFB588,_tmp_merge_shard00/part02/slide_embedding_TCGA-AR-A0U4-01Z-00-DX1.DE722DC5-859D-4866-ADCC-ED98EDBFB588_20260430_v1.npy
103,part02,TCGA-AR-A1AJ-01Z-00-DX1.34B9FCF0-74D8-4328-9B5A-698AD57EDA85,_tmp_merge_shard00/part02/slide_embedding_TCGA-AR-A1AJ-01Z-00-DX1.34B9FCF0-74D8-4328-9B5A-698AD57EDA85_20260430_v1.npy
104,part02,TCGA-AR-A1AO-01Z-00-DX1.244DEE5B-0896-452F-A14D-E290260A9D8F,_tmp_merge_shard00/part02/slide_embedding_TCGA-AR-A1AO-01Z-00-DX1.244DEE5B-0896-452F-A14D-E290260A9D8F_20260430_v1.npy
105,part02,TCGA-AR-A1AQ-01Z-00-DX1.09D5D7FC-0FA8-4176-94B2-995F44D8ED4C,_tmp_merge_shard00/part02/slide_embedding_TCGA-AR-A1AQ-01Z-00-DX1.09D5D7FC-0FA8-4176-94B2-995F44D8ED4C_20260430_v1.npy
106,part02,TCGA-AR-A1AX-01Z-00-DX1.2389D54F-545E-499E-B392-DD731834460A,_tmp_merge_shard00/part02/slide_embedding_TCGA-AR-A1AX-01Z-00-DX1.2389D54F-545E-499E-B392-DD731834460A_20260430_v1.npy
107,part02,TCGA-AR-A24K-01Z-00-DX1.3A56BAEC-484E-4F9B-BCB4-360ABF6DDB4B,_tmp_merge_shard00/part02/slide_embedding_TCGA-AR-A24K-01Z-00-DX1.3A56BAEC-484E-4F9B-BCB4-360ABF6DDB4B_20260430_v1.npy
108,part02,TCGA-AR-A24N-01Z-00-DX1.563E9160-9E09-4E3F-8CE9-FFED0AA52927,_tmp_merge_shard00/part02/slide_embedding_TCGA-AR-A24N-01Z-00-DX1.563E9160-9E09-4E3F-8CE9-FFED0AA52927_20260430_v1.npy
109,part02,TCGA-AR-A24T-01Z-00-DX1.3B325D54-38EC-4E16-BDE1-628894CC15AA,_tmp_merge_shard00/part02/slide_embedding_TCGA-AR-A24T-01Z-00-DX1.3B325D54-38EC-4E16-BDE1-628894CC15AA_20260430_v1.npy
110,part02,TCGA-AR-A24U-01Z-00-DX1.220FD0D0-0DB6-4E3C-92A0-66CD6509F0AD,_tmp_merge_shard00/part02/slide_embedding_TCGA-AR-A24U-01Z-00-DX1.220FD0D0-0DB6-4E3C-92A0-66CD6509F0AD_20260430_v1.npy
111,part02,TCGA-AR-A251-01Z-00-DX1.E91E357A-3AD4-4F79-A698-05F0B21A37EC,_tmp_merge_shard00/part02/slide_embedding_TCGA-AR-A251-01Z-00-DX1.E91E357A-3AD4-4F79-A698-05F0B21A37EC_20260430_v1.npy
112,part02,TCGA-AR-A2LL-01Z-00-DX1.F0AF890C-2B34-4758-A929-58AAFF593EC5,_tmp_merge_shard00/part02/slide_embedding_TCGA-AR-A2LL-01Z-00-DX1.F0AF890C-2B34-4758-A929-58AAFF593EC5_20260430_v1.npy
113,part02,TCGA-B6-A0I5-01Z-00-DX1.47A30509-4BA0-4BA5-AD9B-F2C2DB701159,_tmp_merge_shard00/part02/slide_embedding_TCGA-B6-A0I5-01Z-00-DX1.47A30509-4BA0-4BA5-AD9B-F2C2DB701159_20260430_v1.npy
114,part02,TCGA-B6-A0I9-01Z-00-DX1.78E1D43A-507E-482E-B988-AF13B12B4497,_tmp_merge_shard00/part02/slide_embedding_TCGA-B6-A0I9-01Z-00-DX1.78E1D43A-507E-482E-B988-AF13B12B4497_20260430_v1.npy
115,part02,TCGA-B6-A0IE-01Z-00-DX1.E6C4E5C0-338C-481D-B691-0385E8D090B1,_tmp_merge_shard00/part02/slide_embedding_TCGA-B6-A0IE-01Z-00-DX1.E6C4E5C0-338C-481D-B691-0385E8D090B1_20260430_v1.npy
116,part02,TCGA-B6-A0IM-01Z-00-DX1.E2CBD42F-D933-4446-BE7C-C2F8B5AFB976,_tmp_merge_shard00/part02/slide_embedding_TCGA-B6-A0IM-01Z-00-DX1.E2CBD42F-D933-4446-BE7C-C2F8B5AFB976_20260430_v1.npy
117,part02,TCGA-B6-A0IP-01Z-00-DX1.3723A250-AA4B-4AFE-A692-C1311E9BA268,_tmp_merge_shard00/part02/slide_embedding_TCGA-B6-A0IP-01Z-00-DX1.3723A250-AA4B-4AFE-A692-C1311E9BA268_20260430_v1.npy
118,part02,TCGA-B6-A0IQ-01Z-00-DX1.662EA039-825E-41FF-91D6-021EB0E099BD,_tmp_merge_shard00/part02/slide_embedding_TCGA-B6-A0IQ-01Z-00-DX1.662EA039-825E-41FF-91D6-021EB0E099BD_20260430_v1.npy
119,part02,TCGA-B6-A0RH-01Z-00-DX1.33DB5CF9-AC87-435B-A8AF-C4F84BEF15F1,_tmp_merge_shard00/part02/slide_embedding_TCGA-B6-A0RH-01Z-00-DX1.33DB5CF9-AC87-435B-A8AF-C4F84BEF15F1_20260430_v1.npy
120,part02,TCGA-B6-A0RP-01Z-00-DX1.02A55E9D-2AA9-497A-B481-85724EA813AD,_tmp_merge_shard00/part02/slide_embedding_TCGA-B6-A0RP-01Z-00-DX1.02A55E9D-2AA9-497A-B481-85724EA813AD_20260430_v1.npy
121,part02,TCGA-B6-A0RV-01Z-00-DX1.C46C2937-868D-47B7-B9B9-E51F5433BE97,_tmp_merge_shard00/part02/slide_embedding_TCGA-B6-A0RV-01Z-00-DX1.C46C2937-868D-47B7-B9B9-E51F5433BE97_20260430_v1.npy
122,part02,TCGA-B6-A0WT-01Z-00-DX1.7ED21DA2-A3D8-4DCA-9742-963879A658D8,_tmp_merge_shard00/part02/slide_embedding_TCGA-B6-A0WT-01Z-00-DX1.7ED21DA2-A3D8-4DCA-9742-963879A658D8_20260430_v1.npy
123,part02,TCGA-B6-A0X4-01Z-00-DX1.4B7914DE-3436-4D69-9BC6-F6419D3CC518,_tmp_merge_shard00/part02/slide_embedding_TCGA-B6-A0X4-01Z-00-DX1.4B7914DE-3436-4D69-9BC6-F6419D3CC518_20260430_v1.npy
124,part02,TCGA-B6-A1KC-01Z-00-DX1.4DD3E48B-F434-499F-9FF1-0FFD2883A375,_tmp_merge_shard00/part02/slide_embedding_TCGA-B6-A1KC-01Z-00-DX1.4DD3E48B-F434-499F-9FF1-0FFD2883A375_20260430_v1.npy
125,part02,TCGA-B6-A1KF-01Z-00-DX1.2E08E830-4216-4CD0-9646-1F489300E11D,_tmp_merge_shard00/part02/slide_embedding_TCGA-B6-A1KF-01Z-00-DX1.2E08E830-4216-4CD0-9646-1F489300E11D_20260430_v1.npy
126,part02,TCGA-B6-A1KN-01Z-00-DX1.E769FD65-E5CE-4CA4-8BBE-6FC54A2ED870,_tmp_merge_shard00/part02/slide_embedding_TCGA-B6-A1KN-01Z-00-DX1.E769FD65-E5CE-4CA4-8BBE-6FC54A2ED870_20260430_v1.npy
127,part02,TCGA-BH-A0AU-01Z-00-DX1.E852F218-B15C-4CF8-8FD0-F284043834C4,_tmp_merge_shard00/part02/slide_embedding_TCGA-BH-A0AU-01Z-00-DX1.E852F218-B15C-4CF8-8FD0-F284043834C4_20260430_v1.npy
128,part02,TCGA-BH-A0B1-01Z-00-DX1.CC60D284-04FB-4B73-90AA-FCE9185DADB6,_tmp_merge_shard00/part02/slide_embedding_TCGA-BH-A0B1-01Z-00-DX1.CC60D284-04FB-4B73-90AA-FCE9185DADB6_20260430_v1.npy
129,part02,TCGA-BH-A0BD-01Z-00-DX1.CD4A6FC2-BA8C-4E30-972A-E6CD1BEAD8AD,_tmp_merge_shard00/part02/slide_embedding_TCGA-BH-A0BD-01Z-00-DX1.CD4A6FC2-BA8C-4E30-972A-E6CD1BEAD8AD_20260430_v1.npy
130,part02,TCGA-BH-A0BF-01Z-00-DX1.934DF984-9054-4B20-B85B-9CF94B8DC3D4,_tmp_merge_shard00/part02/slide_embedding_TCGA-BH-A0BF-01Z-00-DX1.934DF984-9054-4B20-B85B-9CF94B8DC3D4_20260430_v1.npy
131,part02,TCGA-BH-A0BM-01Z-00-DX1.8BD324F2-60F5-4F59-AF2D-533A5FB230BF,_tmp_merge_shard00/part02/slide_embedding_TCGA-BH-A0BM-01Z-00-DX1.8BD324F2-60F5-4F59-AF2D-533A5FB230BF_20260430_v1.npy
132,part02,TCGA-BH-A0BZ-01Z-00-DX1.45EB3E93-A871-49C6-9EAE-90D98AE01913,_tmp_merge_shard00/part02/slide_embedding_TCGA-BH-A0BZ-01Z-00-DX1.45EB3E93-A871-49C6-9EAE-90D98AE01913_20260430_v1.npy
133,part02,TCGA-BH-A0C0-01Z-00-DX1.2D32D35A-EB7E-4D0E-BE5F-E56F7B930463,_tmp_merge_shard00/part02/slide_embedding_TCGA-BH-A0C0-01Z-00-DX1.2D32D35A-EB7E-4D0E-BE5F-E56F7B930463_20260430_v1.npy
134,part02,TCGA-BH-A0DD-01Z-00-DX1.2242DD1F-0B7C-4B43-A7A9-8130D2BDEE78,_tmp_merge_shard00/part02/slide_embedding_TCGA-BH-A0DD-01Z-00-DX1.2242DD1F-0B7C-4B43-A7A9-8130D2BDEE78_20260430_v1.npy
135,part02,TCGA-BH-A0DI-01Z-00-DX1.6A42D535-8842-4C36-8299-A40E9E56759D,_tmp_merge_shard00/part02/slide_embedding_TCGA-BH-A0DI-01Z-00-DX1.6A42D535-8842-4C36-8299-A40E9E56759D_20260430_v1.npy
136,part02,TCGA-BH-A0DK-01Z-00-DX1.0CFED53C-BAD9-4E35-B12F-57E64F3FEF1C,_tmp_merge_shard00/part02/slide_embedding_TCGA-BH-A0DK-01Z-00-DX1.0CFED53C-BAD9-4E35-B12F-57E64F3FEF1C_20260430_v1.npy
137,part02,TCGA-BH-A0DO-01Z-00-DX1.1684557E-A5D4-4828-B2D5-FA899993A019,_tmp_merge_shard00/part02/slide_embedding_TCGA-BH-A0DO-01Z-00-DX1.1684557E-A5D4-4828-B2D5-FA899993A019_20260430_v1.npy
138,part02,TCGA-BH-A0H5-01Z-00-DX1.28F24D4D-EE80-4EDA-BC30-A194E22FD61C,_tmp_merge_shard00/part02/slide_embedding_TCGA-BH-A0H5-01Z-00-DX1.28F24D4D-EE80-4EDA-BC30-A194E22FD61C_20260430_v1.npy
139,part02,TCGA-BH-A0H9-01Z-00-DX1.8AE869C6-5C78-4D52-AC8B-5B6FD5FD91AA,_tmp_merge_shard00/part02/slide_embedding_TCGA-BH-A0H9-01Z-00-DX1.8AE869C6-5C78-4D52-AC8B-5B6FD5FD91AA_20260430_v1.npy
140,part02,TCGA-BH-A0HA-01Z-00-DX1.5A2F5C86-E1E7-445D-A4E3-29980FA37708,_tmp_merge_shard00/part02/slide_embedding_TCGA-BH-A0HA-01Z-00-DX1.5A2F5C86-E1E7-445D-A4E3-29980FA37708_20260430_v1.npy
141,part02,TCGA-BH-A0HB-01Z-00-DX1.F90F7139-B804-4548-9FAF-9B475BF225EB,_tmp_merge_shard00/part02/slide_embedding_TCGA-BH-A0HB-01Z-00-DX1.F90F7139-B804-4548-9FAF-9B475BF225EB_20260430_v1.npy
142,part02,TCGA-BH-A0HF-01Z-00-DX1.1EB2F7CE-54F4-4E41-A3CF-78209770B7CE,_tmp_merge_shard00/part02/slide_embedding_TCGA-BH-A0HF-01Z-00-DX1.1EB2F7CE-54F4-4E41-A3CF-78209770B7CE_20260430_v1.npy
143,part02,TCGA-BH-A0HK-01Z-00-DX1.019036F5-647A-4EC4-8479-F2C100291AEF,_tmp_merge_shard00/part02/slide_embedding_TCGA-BH-A0HK-01Z-00-DX1.019036F5-647A-4EC4-8479-F2C100291AEF_20260430_v1.npy
144,part02,TCGA-BH-A0HP-01Z-00-DX1.F1FF6E88-B2D1-40AA-8373-1714D82E666F,_tmp_merge_shard00/part02/slide_embedding_TCGA-BH-A0HP-01Z-00-DX1.F1FF6E88-B2D1-40AA-8373-1714D82E666F_20260430_v1.npy
145,part02,TCGA-BH-A0HW-01Z-00-DX1.44DCCE00-133F-4469-A4DA-5057C011B4AC,_tmp_merge_shard00/part02/slide_embedding_TCGA-BH-A0HW-01Z-00-DX1.44DCCE00-133F-4469-A4DA-5057C011B4AC_20260430_v1.npy
146,part02,TCGA-BH-A18I-01Z-00-DX1.EE699DE3-EBF4-4AB4-8319-9911F027FA18,_tmp_merge_shard00/part02/slide_embedding_TCGA-BH-A18I-01Z-00-DX1.EE699DE3-EBF4-4AB4-8319-9911F027FA18_20260430_v1.npy
147,part02,TCGA-BH-A18N-01Z-00-DX1.FE0E24A1-8AE9-4021-B9C7-B408EE0DE329,_tmp_merge_shard00/part02/slide_embedding_TCGA-BH-A18N-01Z-00-DX1.FE0E24A1-8AE9-4021-B9C7-B408EE0DE329_20260430_v1.npy
148,part02,TCGA-BH-A18Q-01Z-00-DX1.E89E49C7-D62A-4408-A3D9-19E79FCB249E,_tmp_merge_shard00/part02/slide_embedding_TCGA-BH-A18Q-01Z-00-DX1.E89E49C7-D62A-4408-A3D9-19E79FCB249E_20260430_v1.npy
149,part02,TCGA-BH-A18S-01Z-00-DX1.B36FC684-0010-4ABB-9E25-303C8DF1C4E2,_tmp_merge_shard00/part02/slide_embedding_TCGA-BH-A18S-01Z-00-DX1.B36FC684-0010-4ABB-9E25-303C8DF1C4E2_20260430_v1.npy
150,part03,TCGA-BH-A1EO-01Z-00-DX1.0E624888-D7E4-48DF-B51A-9AD8F75A66B7,_tmp_merge_shard00/part03/slide_embedding_TCGA-BH-A1EO-01Z-00-DX1.0E624888-D7E4-48DF-B51A-9AD8F75A66B7_20260430_v1.npy
151,part03,TCGA-BH-A1ES-01Z-00-DX1.C54C809F-748F-4BB0-B018-A8A83A4134C0,_tmp_merge_shard00/part03/slide_embedding_TCGA-BH-A1ES-01Z-00-DX1.C54C809F-748F-4BB0-B018-A8A83A4134C0_20260430_v1.npy
152,part03,TCGA-BH-A1EU-01Z-00-DX1.5A0956EF-0100-47FD-9026-1994CF22D0F1,_tmp_merge_shard00/part03/slide_embedding_TCGA-BH-A1EU-01Z-00-DX1.5A0956EF-0100-47FD-9026-1994CF22D0F1_20260430_v1.npy
153,part03,TCGA-BH-A1EY-01Z-00-DX1.25C3DE1F-C702-4959-8DFA-69EF78AD9307,_tmp_merge_shard00/part03/slide_embedding_TCGA-BH-A1EY-01Z-00-DX1.25C3DE1F-C702-4959-8DFA-69EF78AD9307_20260430_v1.npy
154,part03,TCGA-BH-A1F5-01Z-00-DX1.9A1AA3BB-80B1-473D-B075-8D65A94C4E0B,_tmp_merge_shard00/part03/slide_embedding_TCGA-BH-A1F5-01Z-00-DX1.9A1AA3BB-80B1-473D-B075-8D65A94C4E0B_20260430_v1.npy
155,part03,TCGA-BH-A1F6-01Z-00-DX1.E83F0DC0-EA2C-4641-81B0-8702B9C5D579,_tmp_merge_shard00/part03/slide_embedding_TCGA-BH-A1F6-01Z-00-DX1.E83F0DC0-EA2C-4641-81B0-8702B9C5D579_20260430_v1.npy
156,part03,TCGA-BH-A1FG-01Z-00-DX1.DA665FB6-9DD9-4B18-A925-2EFD9BC4C43B,_tmp_merge_shard00/part03/slide_embedding_TCGA-BH-A1FG-01Z-00-DX1.DA665FB6-9DD9-4B18-A925-2EFD9BC4C43B_20260430_v1.npy
157,part03,TCGA-BH-A1FM-01Z-00-DX1.860C5169-FE2B-43A6-A13D-E736374303DD,_tmp_merge_shard00/part03/slide_embedding_TCGA-BH-A1FM-01Z-00-DX1.860C5169-FE2B-43A6-A13D-E736374303DD_20260430_v1.npy
158,part03,TCGA-BH-A204-01Z-00-DX1.9DCE8242-E862-45AB-9452-D7299110973F,_tmp_merge_shard00/part03/slide_embedding_TCGA-BH-A204-01Z-00-DX1.9DCE8242-E862-45AB-9452-D7299110973F_20260430_v1.npy
159,part03,TCGA-BH-A2L8-01Z-00-DX1.ACA51CA9-3C38-48A6-B4A9-C12FFAB9AB56,_tmp_merge_shard00/part03/slide_embedding_TCGA-BH-A2L8-01Z-00-DX1.ACA51CA9-3C38-48A6-B4A9-C12FFAB9AB56_20260430_v1.npy
160,part03,TCGA-C8-A12K-01Z-00-DX1.D71C7974-65F7-4EF0-8FFB-9F27CEC85242,_tmp_merge_shard00/part03/slide_embedding_TCGA-C8-A12K-01Z-00-DX1.D71C7974-65F7-4EF0-8FFB-9F27CEC85242_20260430_v1.npy
161,part03,TCGA-C8-A12Y-01Z-00-DX1.A15CB3E2-E145-4C75-8FEA-1DD503CD7C20,_tmp_merge_shard00/part03/slide_embedding_TCGA-C8-A12Y-01Z-00-DX1.A15CB3E2-E145-4C75-8FEA-1DD503CD7C20_20260430_v1.npy
162,part03,TCGA-C8-A133-01Z-00-DX1.AFEE2057-2793-49E4-A477-E0DE3F6C67F9,_tmp_merge_shard00/part03/slide_embedding_TCGA-C8-A133-01Z-00-DX1.AFEE2057-2793-49E4-A477-E0DE3F6C67F9_20260430_v1.npy
163,part03,TCGA-C8-A1HG-01Z-00-DX1.F2AB6D0F-4D6B-491F-915B-92E838E79D67,_tmp_merge_shard00/part03/slide_embedding_TCGA-C8-A1HG-01Z-00-DX1.F2AB6D0F-4D6B-491F-915B-92E838E79D67_20260430_v1.npy
164,part03,TCGA-C8-A1HK-01Z-00-DX1.A15F452B-1260-4106-86D1-05F00082F0CE,_tmp_merge_shard00/part03/slide_embedding_TCGA-C8-A1HK-01Z-00-DX1.A15F452B-1260-4106-86D1-05F00082F0CE_20260430_v1.npy
165,part03,TCGA-C8-A1HN-01Z-00-DX1.7EBBEAB1-EBB7-456F-8848-AFE2263242B7,_tmp_merge_shard00/part03/slide_embedding_TCGA-C8-A1HN-01Z-00-DX1.7EBBEAB1-EBB7-456F-8848-AFE2263242B7_20260430_v1.npy
166,part03,TCGA-C8-A1HO-01Z-00-DX1.0C702CEE-C373-4D00-A706-32206D41AC17,_tmp_merge_shard00/part03/slide_embedding_TCGA-C8-A1HO-01Z-00-DX1.0C702CEE-C373-4D00-A706-32206D41AC17_20260430_v1.npy
167,part03,TCGA-C8-A26Y-01Z-00-DX1.166EE604-4EF3-401D-99E9-3A9711316CC4,_tmp_merge_shard00/part03/slide_embedding_TCGA-C8-A26Y-01Z-00-DX1.166EE604-4EF3-401D-99E9-3A9711316CC4_20260430_v1.npy
168,part03,TCGA-C8-A3M7-01Z-00-DX1.846C75F1-2E7E-44F7-B21F-C246141558FA,_tmp_merge_shard00/part03/slide_embedding_TCGA-C8-A3M7-01Z-00-DX1.846C75F1-2E7E-44F7-B21F-C246141558FA_20260430_v1.npy
169,part03,TCGA-C8-A8HP-01Z-00-DX1.B6EE8271-2E51-4184-9B0C-2ADA69B4A714,_tmp_merge_shard00/part03/slide_embedding_TCGA-C8-A8HP-01Z-00-DX1.B6EE8271-2E51-4184-9B0C-2ADA69B4A714_20260430_v1.npy
170,part03,TCGA-C8-A8HQ-01Z-00-DX1.A08190B5-F17E-4057-9DBD-B2F34CAEAFDC,_tmp_merge_shard00/part03/slide_embedding_TCGA-C8-A8HQ-01Z-00-DX1.A08190B5-F17E-4057-9DBD-B2F34CAEAFDC_20260430_v1.npy
171,part03,TCGA-D8-A13Y-01Z-00-DX1.02321E77-A11E-41A5-95FE-BB897EA5CE58,_tmp_merge_shard00/part03/slide_embedding_TCGA-D8-A13Y-01Z-00-DX1.02321E77-A11E-41A5-95FE-BB897EA5CE58_20260430_v1.npy
172,part03,TCGA-D8-A1JA-01Z-00-DX1.BD43F94A-D5A8-490E-AED4-5F3AB24080FA,_tmp_merge_shard00/part03/slide_embedding_TCGA-D8-A1JA-01Z-00-DX1.BD43F94A-D5A8-490E-AED4-5F3AB24080FA_20260430_v1.npy
173,part03,TCGA-D8-A1JC-01Z-00-DX2.854ABF5D-40F1-48AE-802F-97D75497F1FD,_tmp_merge_shard00/part03/slide_embedding_TCGA-D8-A1JC-01Z-00-DX2.854ABF5D-40F1-48AE-802F-97D75497F1FD_20260430_v1.npy
174,part03,TCGA-D8-A1JD-01Z-00-DX1.6D215B14-DD90-4635-8645-AF06EBD9BA3F,_tmp_merge_shard00/part03/slide_embedding_TCGA-D8-A1JD-01Z-00-DX1.6D215B14-DD90-4635-8645-AF06EBD9BA3F_20260430_v1.npy
175,part03,TCGA-D8-A1JD-01Z-00-DX2.C6A7667E-25C9-48BD-A4E7-F4BB740FE589,_tmp_merge_shard00/part03/slide_embedding_TCGA-D8-A1JD-01Z-00-DX2.C6A7667E-25C9-48BD-A4E7-F4BB740FE589_20260430_v1.npy
176,part03,TCGA-D8-A1JE-01Z-00-DX2.CCF3DFEF-E851-425A-BCD0-0F7B377A00BC,_tmp_merge_shard00/part03/slide_embedding_TCGA-D8-A1JE-01Z-00-DX2.CCF3DFEF-E851-425A-BCD0-0F7B377A00BC_20260430_v1.npy
177,part03,TCGA-D8-A1JG-01Z-00-DX1.BA6D5CC7-3A9B-4D17-A86A-B159D345A216,_tmp_merge_shard00/part03/slide_embedding_TCGA-D8-A1JG-01Z-00-DX1.BA6D5CC7-3A9B-4D17-A86A-B159D345A216_20260430_v1.npy
178,part03,TCGA-D8-A1JN-01Z-00-DX1.3B02989C-CEA0-4EDD-A6DC-21C3A957C640,_tmp_merge_shard00/part03/slide_embedding_TCGA-D8-A1JN-01Z-00-DX1.3B02989C-CEA0-4EDD-A6DC-21C3A957C640_20260430_v1.npy
179,part03,TCGA-D8-A1JS-01Z-00-DX1.76C592B0-DC6D-401A-9533-C9FE5B6CA08D,_tmp_merge_shard00/part03/slide_embedding_TCGA-D8-A1JS-01Z-00-DX1.76C592B0-DC6D-401A-9533-C9FE5B6CA08D_20260430_v1.npy
180,part03,TCGA-D8-A1X5-01Z-00-DX2.E4D28EE2-9C87-4613-BD2E-89FBEF960DEE,_tmp_merge_shard00/part03/slide_embedding_TCGA-D8-A1X5-01Z-00-DX2.E4D28EE2-9C87-4613-BD2E-89FBEF960DEE_20260430_v1.npy
181,part03,TCGA-D8-A1X6-01Z-00-DX2.F36D68F2-70C3-4E0E-ABE6-6969170BA6DC,_tmp_merge_shard00/part03/slide_embedding_TCGA-D8-A1X6-01Z-00-DX2.F36D68F2-70C3-4E0E-ABE6-6969170BA6DC_20260430_v1.npy
182,part03,TCGA-D8-A1X7-01Z-00-DX1.3529AEED-2827-4D94-9A8B-32F116EE49D5,_tmp_merge_shard00/part03/slide_embedding_TCGA-D8-A1X7-01Z-00-DX1.3529AEED-2827-4D94-9A8B-32F116EE49D5_20260430_v1.npy
183,part03,TCGA-D8-A1XM-01Z-00-DX1.5F6A140E-5D20-45F6-B76F-0F98AB27AD08,_tmp_merge_shard00/part03/slide_embedding_TCGA-D8-A1XM-01Z-00-DX1.5F6A140E-5D20-45F6-B76F-0F98AB27AD08_20260430_v1.npy
184,part03,TCGA-D8-A1XS-01Z-00-DX1.E5C78E5A-947C-499D-9E95-619FEEC63E69,_tmp_merge_shard00/part03/slide_embedding_TCGA-D8-A1XS-01Z-00-DX1.E5C78E5A-947C-499D-9E95-619FEEC63E69_20260430_v1.npy
185,part03,TCGA-D8-A1XV-01Z-00-DX1.D0D78B02-2A0D-4107-8083-D2FE1D3F1207,_tmp_merge_shard00/part03/slide_embedding_TCGA-D8-A1XV-01Z-00-DX1.D0D78B02-2A0D-4107-8083-D2FE1D3F1207_20260430_v1.npy
186,part03,TCGA-D8-A27K-01Z-00-DX1.25AF7928-046B-45BF-BAD6-F34156203F5A,_tmp_merge_shard00/part03/slide_embedding_TCGA-D8-A27K-01Z-00-DX1.25AF7928-046B-45BF-BAD6-F34156203F5A_20260430_v1.npy
187,part03,TCGA-D8-A27M-01Z-00-DX1.3020D223-2400-4A2D-8BFE-08A5B78FE13B,_tmp_merge_shard00/part03/slide_embedding_TCGA-D8-A27M-01Z-00-DX1.3020D223-2400-4A2D-8BFE-08A5B78FE13B_20260430_v1.npy
188,part03,TCGA-D8-A27N-01Z-00-DX2.EB803DEC-438B-43A9-B906-FD7C3B9A0138,_tmp_merge_shard00/part03/slide_embedding_TCGA-D8-A27N-01Z-00-DX2.EB803DEC-438B-43A9-B906-FD7C3B9A0138_20260430_v1.npy
189,part03,TCGA-D8-A27P-01Z-00-DX1.EF426996-D0DC-4418-BEC4-F7CE3C82C869,_tmp_merge_shard00/part03/slide_embedding_TCGA-D8-A27P-01Z-00-DX1.EF426996-D0DC-4418-BEC4-F7CE3C82C869_20260430_v1.npy
190,part03,TCGA-D8-A27R-01Z-00-DX1.F6E2FD1C-0666-4788-8D95-A76D15907270,_tmp_merge_shard00/part03/slide_embedding_TCGA-D8-A27R-01Z-00-DX1.F6E2FD1C-0666-4788-8D95-A76D15907270_20260430_v1.npy
191,part03,TCGA-D8-A27T-01Z-00-DX2.7CCFE3AA-955B-4D77-9EDB-7B36D5A01168,_tmp_merge_shard00/part03/slide_embedding_TCGA-D8-A27T-01Z-00-DX2.7CCFE3AA-955B-4D77-9EDB-7B36D5A01168_20260430_v1.npy
192,part03,TCGA-D8-A27W-01Z-00-DX2.4E0D2E4E-5662-4305-8FC2-C651CDDA4998,_tmp_merge_shard00/part03/slide_embedding_TCGA-D8-A27W-01Z-00-DX2.4E0D2E4E-5662-4305-8FC2-C651CDDA4998_20260430_v1.npy
193,part03,TCGA-D8-A3Z5-01Z-00-DX3.BB83C7D4-F795-47E7-9A5C-7DBF0EB7FDAA,_tmp_merge_shard00/part03/slide_embedding_TCGA-D8-A3Z5-01Z-00-DX3.BB83C7D4-F795-47E7-9A5C-7DBF0EB7FDAA_20260430_v1.npy
194,part03,TCGA-D8-A73U-01Z-00-DX1.6ECEF7C0-00CC-4AC2-87BD-DBFB6E0DC042,_tmp_merge_shard00/part03/slide_embedding_TCGA-D8-A73U-01Z-00-DX1.6ECEF7C0-00CC-4AC2-87BD-DBFB6E0DC042_20260430_v1.npy
195,part03,TCGA-D8-A73U-01Z-00-DX2.91F571C8-303C-463D-952C-263FAA5097DF,_tmp_merge_shard00/part03/slide_embedding_TCGA-D8-A73U-01Z-00-DX2.91F571C8-303C-463D-952C-263FAA5097DF_20260430_v1.npy
196,part03,TCGA-D8-A73W-01Z-00-DX1.2A4B8A37-BE62-42C8-A109-800A7970FF0F,_tmp_merge_shard00/part03/slide_embedding_TCGA-D8-A73W-01Z-00-DX1.2A4B8A37-BE62-42C8-A109-800A7970FF0F_20260430_v1.npy
197,part03,TCGA-D8-A73X-01Z-00-DX2.1ABCCE71-A70C-48C3-924E-2C8F5F71E269,_tmp_merge_shard00/part03/slide_embedding_TCGA-D8-A73X-01Z-00-DX2.1ABCCE71-A70C-48C3-924E-2C8F5F71E269_20260430_v1.npy
198,part03,TCGA-E2-A109-01Z-00-DX1.FCF5E9FC-F9FE-4F5F-96DD-5628E2609BEF,_tmp_merge_shard00/part03/slide_embedding_TCGA-E2-A109-01Z-00-DX1.FCF5E9FC-F9FE-4F5F-96DD-5628E2609BEF_20260430_v1.npy
199,part03,TCGA-E2-A10C-01Z-00-DX1.29A2B20B-29C6-4491-ADAB-0584C772EF25,_tmp_merge_shard00/part03/slide_embedding_TCGA-E2-A10C-01Z-00-DX1.29A2B20B-29C6-4491-ADAB-0584C772EF25_20260430_v1.npy
200,part04,TCGA-E2-A14P-01Z-00-DX1.663B02FF-C64B-41A6-8685-FD61CD76F9C6,_tmp_merge_shard00/part04/slide_embedding_TCGA-E2-A14P-01Z-00-DX1.663B02FF-C64B-41A6-8685-FD61CD76F9C6_20260430_v1.npy
201,part04,TCGA-E2-A14R-01Z-00-DX1.DDE62ED5-1FC0-4B3B-A874-95C08B33AB20,_tmp_merge_shard00/part04/slide_embedding_TCGA-E2-A14R-01Z-00-DX1.DDE62ED5-1FC0-4B3B-A874-95C08B33AB20_20260430_v1.npy
202,part04,TCGA-E2-A14S-01Z-00-DX1.5C332E99-7296-473A-9917-7EFC38A8251D,_tmp_merge_shard00/part04/slide_embedding_TCGA-E2-A14S-01Z-00-DX1.5C332E99-7296-473A-9917-7EFC38A8251D_20260430_v1.npy
203,part04,TCGA-E2-A14U-01Z-00-DX1.F788A244-6C96-4CDC-AD9A-157DE951A723,_tmp_merge_shard00/part04/slide_embedding_TCGA-E2-A14U-01Z-00-DX1.F788A244-6C96-4CDC-AD9A-157DE951A723_20260430_v1.npy
204,part04,TCGA-E2-A14X-01Z-00-DX1.24ADDA43-F127-4A6B-9AAD-2FAD982A853D,_tmp_merge_shard00/part04/slide_embedding_TCGA-E2-A14X-01Z-00-DX1.24ADDA43-F127-4A6B-9AAD-2FAD982A853D_20260430_v1.npy
205,part04,TCGA-E2-A14Z-01Z-00-DX1.A1344A78-1842-4578-8CDE-921E50656891,_tmp_merge_shard00/part04/slide_embedding_TCGA-E2-A14Z-01Z-00-DX1.A1344A78-1842-4578-8CDE-921E50656891_20260430_v1.npy
206,part04,TCGA-E2-A152-01Z-00-DX1.B0860DEB-D34B-4C5D-97F5-C1C646437424,_tmp_merge_shard00/part04/slide_embedding_TCGA-E2-A152-01Z-00-DX1.B0860DEB-D34B-4C5D-97F5-C1C646437424_20260430_v1.npy
207,part04,TCGA-E2-A154-01Z-00-DX1.01FC9B1A-8ECD-4467-9EDD-0B02E4AEEF72,_tmp_merge_shard00/part04/slide_embedding_TCGA-E2-A154-01Z-00-DX1.01FC9B1A-8ECD-4467-9EDD-0B02E4AEEF72_20260430_v1.npy
208,part04,TCGA-E2-A158-01Z-00-DX1.994C60FE-E651-4224-95E7-4669834F2338,_tmp_merge_shard00/part04/slide_embedding_TCGA-E2-A158-01Z-00-DX1.994C60FE-E651-4224-95E7-4669834F2338_20260430_v1.npy
209,part04,TCGA-E2-A1B6-01Z-00-DX1.8CD458BE-C4F9-4AF3-A927-18C042E9B4B7,_tmp_merge_shard00/part04/slide_embedding_TCGA-E2-A1B6-01Z-00-DX1.8CD458BE-C4F9-4AF3-A927-18C042E9B4B7_20260430_v1.npy
210,part04,TCGA-E2-A1IF-01Z-00-DX1.51F5B0AC-E4D6-439D-8168-34934471FA06,_tmp_merge_shard00/part04/slide_embedding_TCGA-E2-A1IF-01Z-00-DX1.51F5B0AC-E4D6-439D-8168-34934471FA06_20260430_v1.npy
211,part04,TCGA-E2-A1IG-01Z-00-DX1.C894EEA1-708A-4043-8C60-3BCA98AA751E,_tmp_merge_shard00/part04/slide_embedding_TCGA-E2-A1IG-01Z-00-DX1.C894EEA1-708A-4043-8C60-3BCA98AA751E_20260430_v1.npy
212,part04,TCGA-E2-A1IL-01Z-00-DX1.46B6AA99-C7CE-4573-B15D-2C56A708B082,_tmp_merge_shard00/part04/slide_embedding_TCGA-E2-A1IL-01Z-00-DX1.46B6AA99-C7CE-4573-B15D-2C56A708B082_20260430_v1.npy
213,part04,TCGA-E2-A1IU-01Z-00-DX1.E2F24814-24BA-4158-8841-F27A8E100589,_tmp_merge_shard00/part04/slide_embedding_TCGA-E2-A1IU-01Z-00-DX1.E2F24814-24BA-4158-8841-F27A8E100589_20260430_v1.npy
214,part04,TCGA-E2-A1L8-01Z-00-DX1.842BF73D-2D64-4ABA-880D-DBE8F4C2AA19,_tmp_merge_shard00/part04/slide_embedding_TCGA-E2-A1L8-01Z-00-DX1.842BF73D-2D64-4ABA-880D-DBE8F4C2AA19_20260430_v1.npy
215,part04,TCGA-E2-A1L9-01Z-00-DX1.F2CC1036-8EEE-4664-962E-541B8ACB10DE,_tmp_merge_shard00/part04/slide_embedding_TCGA-E2-A1L9-01Z-00-DX1.F2CC1036-8EEE-4664-962E-541B8ACB10DE_20260430_v1.npy
216,part04,TCGA-E2-A1LK-01Z-00-DX1.5EBAA1F4-F1B4-4938-A51F-0246621BB0ED,_tmp_merge_shard00/part04/slide_embedding_TCGA-E2-A1LK-01Z-00-DX1.5EBAA1F4-F1B4-4938-A51F-0246621BB0ED_20260430_v1.npy
217,part04,TCGA-E2-A1LL-01Z-00-DX1.D1AA1613-902C-4579-9612-48A76042B0AE,_tmp_merge_shard00/part04/slide_embedding_TCGA-E2-A1LL-01Z-00-DX1.D1AA1613-902C-4579-9612-48A76042B0AE_20260430_v1.npy
218,part04,TCGA-E2-A2P5-01Z-00-DX1.375B5E5D-D8D0-425C-9163-6DF26E31BBE1,_tmp_merge_shard00/part04/slide_embedding_TCGA-E2-A2P5-01Z-00-DX1.375B5E5D-D8D0-425C-9163-6DF26E31BBE1_20260430_v1.npy
219,part04,TCGA-E2-A2P6-01Z-00-DX1.9D8060AA-881F-49FF-AEF5-B40A3625A44A,_tmp_merge_shard00/part04/slide_embedding_TCGA-E2-A2P6-01Z-00-DX1.9D8060AA-881F-49FF-AEF5-B40A3625A44A_20260430_v1.npy
220,part04,TCGA-E2-A573-01Z-00-DX1.D6633BC2-524D-4153-952F-6B1D8D067370,_tmp_merge_shard00/part04/slide_embedding_TCGA-E2-A573-01Z-00-DX1.D6633BC2-524D-4153-952F-6B1D8D067370_20260430_v1.npy
221,part04,TCGA-E2-A576-01Z-00-DX1.2E045763-7EB0-48F5-8C47-E4B84287D739,_tmp_merge_shard00/part04/slide_embedding_TCGA-E2-A576-01Z-00-DX1.2E045763-7EB0-48F5-8C47-E4B84287D739_20260430_v1.npy
222,part04,TCGA-E9-A1N4-01Z-00-DX1.71c8d4a5-ec99-4012-9fe2-ddb3349ad5bc,_tmp_merge_shard00/part04/slide_embedding_TCGA-E9-A1N4-01Z-00-DX1.71c8d4a5-ec99-4012-9fe2-ddb3349ad5bc_20260430_v1.npy
223,part04,TCGA-E9-A1N9-01Z-00-DX1.982C83A6-0E06-47B3-A7C7-1773A2CD1771,_tmp_merge_shard00/part04/slide_embedding_TCGA-E9-A1N9-01Z-00-DX1.982C83A6-0E06-47B3-A7C7-1773A2CD1771_20260430_v1.npy
224,part04,TCGA-E9-A1NC-01Z-00-DX1.20edf036-8ba6-4187-a74c-124fc39f5aa1,_tmp_merge_shard00/part04/slide_embedding_TCGA-E9-A1NC-01Z-00-DX1.20edf036-8ba6-4187-a74c-124fc39f5aa1_20260430_v1.npy
225,part04,TCGA-E9-A1NH-01Z-00-DX1.20FF11B7-DAF0-41C2-B7C5-449BA5268EC0,_tmp_merge_shard00/part04/slide_embedding_TCGA-E9-A1NH-01Z-00-DX1.20FF11B7-DAF0-41C2-B7C5-449BA5268EC0_20260430_v1.npy
226,part04,TCGA-E9-A1NI-01Z-00-DX1.AF90ACEF-EDED-40E6-955B-80ACC49778F9,_tmp_merge_shard00/part04/slide_embedding_TCGA-E9-A1NI-01Z-00-DX1.AF90ACEF-EDED-40E6-955B-80ACC49778F9_20260430_v1.npy
227,part04,TCGA-E9-A1QZ-01Z-00-DX1.CDAECCA9-4F09-491F-A975-B775D47E46F0,_tmp_merge_shard00/part04/slide_embedding_TCGA-E9-A1QZ-01Z-00-DX1.CDAECCA9-4F09-491F-A975-B775D47E46F0_20260430_v1.npy
228,part04,TCGA-E9-A1R0-01Z-00-DX1.187C58EA-132E-4B3C-BAD0-7F59101D5C4D,_tmp_merge_shard00/part04/slide_embedding_TCGA-E9-A1R0-01Z-00-DX1.187C58EA-132E-4B3C-BAD0-7F59101D5C4D_20260430_v1.npy
229,part04,TCGA-E9-A1RB-01Z-00-DX1.845074ea-43bc-4752-9dc0-fca72d2ab5de,_tmp_merge_shard00/part04/slide_embedding_TCGA-E9-A1RB-01Z-00-DX1.845074ea-43bc-4752-9dc0-fca72d2ab5de_20260430_v1.npy
230,part04,TCGA-E9-A1RD-01Z-00-DX1.34083668-cbd2-4610-b857-d50ee9f3e5bd,_tmp_merge_shard00/part04/slide_embedding_TCGA-E9-A1RD-01Z-00-DX1.34083668-cbd2-4610-b857-d50ee9f3e5bd_20260430_v1.npy
231,part04,TCGA-E9-A226-01Z-00-DX1.14f1f4c7-4e6e-4574-af20-60d2ab511b2a,_tmp_merge_shard00/part04/slide_embedding_TCGA-E9-A226-01Z-00-DX1.14f1f4c7-4e6e-4574-af20-60d2ab511b2a_20260430_v1.npy
232,part04,TCGA-E9-A22D-01Z-00-DX1.b2867437-0add-4b7d-8002-fb09ed961942,_tmp_merge_shard00/part04/slide_embedding_TCGA-E9-A22D-01Z-00-DX1.b2867437-0add-4b7d-8002-fb09ed961942_20260430_v1.npy
233,part04,TCGA-E9-A243-01Z-00-DX1.9A3B34E5-25EF-4243-8680-FABF2F1CCDA9,_tmp_merge_shard00/part04/slide_embedding_TCGA-E9-A243-01Z-00-DX1.9A3B34E5-25EF-4243-8680-FABF2F1CCDA9_20260430_v1.npy
234,part04,TCGA-E9-A245-01Z-00-DX1.648850D5-EB80-4FBE-8507-32313FAD1060,_tmp_merge_shard00/part04/slide_embedding_TCGA-E9-A245-01Z-00-DX1.648850D5-EB80-4FBE-8507-32313FAD1060_20260430_v1.npy
235,part04,TCGA-E9-A247-01Z-00-DX1.3B2DF1CB-054A-44C4-9AD5-D8FA6D386A93,_tmp_merge_shard00/part04/slide_embedding_TCGA-E9-A247-01Z-00-DX1.3B2DF1CB-054A-44C4-9AD5-D8FA6D386A93_20260430_v1.npy
236,part04,TCGA-E9-A248-01Z-00-DX1.C991932F-39D4-4F2C-91C3-CE12B5BAEDB1,_tmp_merge_shard00/part04/slide_embedding_TCGA-E9-A248-01Z-00-DX1.C991932F-39D4-4F2C-91C3-CE12B5BAEDB1_20260430_v1.npy
237,part04,TCGA-E9-A249-01Z-00-DX1.CA244384-FD89-44F6-8F94-A060A4C241CA,_tmp_merge_shard00/part04/slide_embedding_TCGA-E9-A249-01Z-00-DX1.CA244384-FD89-44F6-8F94-A060A4C241CA_20260430_v1.npy
238,part04,TCGA-E9-A5UP-01Z-00-DX1.135466CC-601C-48B2-935D-42F8D7C4CDF7,_tmp_merge_shard00/part04/slide_embedding_TCGA-E9-A5UP-01Z-00-DX1.135466CC-601C-48B2-935D-42F8D7C4CDF7_20260430_v1.npy
239,part04,TCGA-E9-A6HE-01Z-00-DX1.97514DBA-9BC0-4554-9A43-99C48C6B953A,_tmp_merge_shard00/part04/slide_embedding_TCGA-E9-A6HE-01Z-00-DX1.97514DBA-9BC0-4554-9A43-99C48C6B953A_20260430_v1.npy
240,part04,TCGA-EW-A1IX-01Z-00-DX1.72AE0E0F-B213-454F-8275-76A7C43FAB86,_tmp_merge_shard00/part04/slide_embedding_TCGA-EW-A1IX-01Z-00-DX1.72AE0E0F-B213-454F-8275-76A7C43FAB86_20260430_v1.npy
241,part04,TCGA-EW-A1IZ-01Z-00-DX1.81D5544E-0A7D-4A92-A3B0-4F22CFB8BBB2,_tmp_merge_shard00/part04/slide_embedding_TCGA-EW-A1IZ-01Z-00-DX1.81D5544E-0A7D-4A92-A3B0-4F22CFB8BBB2_20260430_v1.npy
242,part04,TCGA-EW-A1J6-01Z-00-DX1.F668E978-13B6-4284-9522-37C65C57A21A,_tmp_merge_shard00/part04/slide_embedding_TCGA-EW-A1J6-01Z-00-DX1.F668E978-13B6-4284-9522-37C65C57A21A_20260430_v1.npy
243,part04,TCGA-EW-A1OV-01Z-00-DX1.93698123-5B34-4163-848B-2D75A5F7B001,_tmp_merge_shard00/part04/slide_embedding_TCGA-EW-A1OV-01Z-00-DX1.93698123-5B34-4163-848B-2D75A5F7B001_20260430_v1.npy
244,part04,TCGA-EW-A1P3-01Z-00-DX1.EF69B964-57D6-4F8E-A183-A3022AF6E835,_tmp_merge_shard00/part04/slide_embedding_TCGA-EW-A1P3-01Z-00-DX1.EF69B964-57D6-4F8E-A183-A3022AF6E835_20260430_v1.npy
245,part04,TCGA-EW-A1P8-01Z-00-DX1.E9852193-8CDD-49EF-B49B-DA6931198F0D,_tmp_merge_shard00/part04/slide_embedding_TCGA-EW-A1P8-01Z-00-DX1.E9852193-8CDD-49EF-B49B-DA6931198F0D_20260430_v1.npy
246,part04,TCGA-EW-A1PA-01Z-00-DX1.03B033F8-62C0-49E1-BDEA-C5217AB3460A,_tmp_merge_shard00/part04/slide_embedding_TCGA-EW-A1PA-01Z-00-DX1.03B033F8-62C0-49E1-BDEA-C5217AB3460A_20260430_v1.npy
247,part04,TCGA-EW-A1PF-01Z-00-DX1.9420D058-65CE-4DF8-815F-EB407003096E,_tmp_merge_shard00/part04/slide_embedding_TCGA-EW-A1PF-01Z-00-DX1.9420D058-65CE-4DF8-815F-EB407003096E_20260430_v1.npy
248,part04,TCGA-EW-A1PG-01Z-00-DX1.A31B2048-D04D-467C-A9E4-6A63942A58C6,_tmp_merge_shard00/part04/slide_embedding_TCGA-EW-A1PG-01Z-00-DX1.A31B2048-D04D-467C-A9E4-6A63942A58C6_20260430_v1.npy
249,part04,TCGA-EW-A1PH-01Z-00-DX1.77e0f907-fe59-4dc2-b582-6f10330a9c01,_tmp_merge_shard00/part04/slide_embedding_TCGA-EW-A1PH-01Z-00-DX1.77e0f907-fe59-4dc2-b582-6f10330a9c01_20260430_v1.npy
250,part05,TCGA-EW-A2FV-01Z-00-DX1.0C59AC06-DD9B-413A-8A03-B71774F662FA,_tmp_merge_shard00/part05/slide_embedding_TCGA-EW-A2FV-01Z-00-DX1.0C59AC06-DD9B-413A-8A03-B71774F662FA_20260430_v1.npy
251,part05,TCGA-EW-A2FW-01Z-00-DX1.4F948681-81F3-46C5-A4E8-FDE8A4116F7A,_tmp_merge_shard00/part05/slide_embedding_TCGA-EW-A2FW-01Z-00-DX1.4F948681-81F3-46C5-A4E8-FDE8A4116F7A_20260430_v1.npy
252,part05,TCGA-EW-A423-01Z-00-DX1.31502D62-9C83-4A9C-9682-05A185486EAA,_tmp_merge_shard00/part05/slide_embedding_TCGA-EW-A423-01Z-00-DX1.31502D62-9C83-4A9C-9682-05A185486EAA_20260430_v1.npy
253,part05,TCGA-GM-A2DI-01Z-00-DX1.5E9715EA-9D2B-49D0-8F1D-972CF24B1960,_tmp_merge_shard00/part05/slide_embedding_TCGA-GM-A2DI-01Z-00-DX1.5E9715EA-9D2B-49D0-8F1D-972CF24B1960_20260430_v1.npy
254,part05,TCGA-GM-A2DL-01Z-00-DX1.1CE6992E-B1CE-45AB-B2EB-75338B6FEE9D,_tmp_merge_shard00/part05/slide_embedding_TCGA-GM-A2DL-01Z-00-DX1.1CE6992E-B1CE-45AB-B2EB-75338B6FEE9D_20260430_v1.npy
255,part05,TCGA-GM-A2DM-01Z-00-DX1.652038F4-C370-40EB-A545-51062783C74C,_tmp_merge_shard00/part05/slide_embedding_TCGA-GM-A2DM-01Z-00-DX1.652038F4-C370-40EB-A545-51062783C74C_20260430_v1.npy
256,part05,TCGA-GM-A2DO-01Z-00-DX1.60817A51-93B7-483D-ABC9-8ED6341C6660,_tmp_merge_shard00/part05/slide_embedding_TCGA-GM-A2DO-01Z-00-DX1.60817A51-93B7-483D-ABC9-8ED6341C6660_20260430_v1.npy
257,part05,TCGA-GM-A3NY-01Z-00-DX1.BEED8B8F-5A1B-4CE2-BB5D-A7ED40551AE4,_tmp_merge_shard00/part05/slide_embedding_TCGA-GM-A3NY-01Z-00-DX1.BEED8B8F-5A1B-4CE2-BB5D-A7ED40551AE4_20260430_v1.npy
258,part05,TCGA-GM-A3XL-01Z-00-DX1.CCE8AA1D-9194-4E49-9546-DBF25A35847C,_tmp_merge_shard00/part05/slide_embedding_TCGA-GM-A3XL-01Z-00-DX1.CCE8AA1D-9194-4E49-9546-DBF25A35847C_20260430_v1.npy
259,part05,TCGA-LD-A7W6-01Z-00-DX1.3E125146-B447-4973-AE09-6D374970B46C,_tmp_merge_shard00/part05/slide_embedding_TCGA-LD-A7W6-01Z-00-DX1.3E125146-B447-4973-AE09-6D374970B46C_20260430_v1.npy
260,part05,TCGA-LL-A440-01Z-00-DX1.6E031FD6-236C-49FA-B920-4CB120C59037,_tmp_merge_shard00/part05/slide_embedding_TCGA-LL-A440-01Z-00-DX1.6E031FD6-236C-49FA-B920-4CB120C59037_20260430_v1.npy
261,part05,TCGA-LL-A50Y-01Z-00-DX1.7F08413F-2C59-4322-9296-84F8CD3DF619,_tmp_merge_shard00/part05/slide_embedding_TCGA-LL-A50Y-01Z-00-DX1.7F08413F-2C59-4322-9296-84F8CD3DF619_20260430_v1.npy
262,part05,TCGA-LL-A5YL-01Z-00-DX1.164C74AB-87D5-46CC-9D96-33FE1F88DC80,_tmp_merge_shard00/part05/slide_embedding_TCGA-LL-A5YL-01Z-00-DX1.164C74AB-87D5-46CC-9D96-33FE1F88DC80_20260430_v1.npy
263,part05,TCGA-LL-A5YM-01Z-00-DX1.2B8904A9-6A45-4FFD-AF15-EB81773E5B79,_tmp_merge_shard00/part05/slide_embedding_TCGA-LL-A5YM-01Z-00-DX1.2B8904A9-6A45-4FFD-AF15-EB81773E5B79_20260430_v1.npy
264,part05,TCGA-LL-A73Y-01Z-00-DX1.50C20931-3AA9-40B4-8A73-56B1976423A8,_tmp_merge_shard00/part05/slide_embedding_TCGA-LL-A73Y-01Z-00-DX1.50C20931-3AA9-40B4-8A73-56B1976423A8_20260430_v1.npy
265,part05,TCGA-LL-A7SZ-01Z-00-DX1.4DAF6421-6A1D-41C8-BFD6-859FE10CB8CC,_tmp_merge_shard00/part05/slide_embedding_TCGA-LL-A7SZ-01Z-00-DX1.4DAF6421-6A1D-41C8-BFD6-859FE10CB8CC_20260430_v1.npy
266,part05,TCGA-LL-A7T0-01Z-00-DX1.B03BBA63-ACF4-4BCA-9F2B-F631F0C6A25C,_tmp_merge_shard00/part05/slide_embedding_TCGA-LL-A7T0-01Z-00-DX1.B03BBA63-ACF4-4BCA-9F2B-F631F0C6A25C_20260430_v1.npy
267,part05,TCGA-OL-A5D6-01Z-00-DX1.6B11331B-4A0D-4E13-B054-A5C7A6FC3AAC,_tmp_merge_shard00/part05/slide_embedding_TCGA-OL-A5D6-01Z-00-DX1.6B11331B-4A0D-4E13-B054-A5C7A6FC3AAC_20260430_v1.npy
268,part05,TCGA-OL-A5D7-01Z-00-DX1.A4A45393-9AE1-4370-8B92-CB85CDB04934,_tmp_merge_shard00/part05/slide_embedding_TCGA-OL-A5D7-01Z-00-DX1.A4A45393-9AE1-4370-8B92-CB85CDB04934_20260430_v1.npy
269,part05,TCGA-OL-A5RV-01Z-00-DX1.920AC243-1DAC-4854-BEB6-1CBCC950F26B,_tmp_merge_shard00/part05/slide_embedding_TCGA-OL-A5RV-01Z-00-DX1.920AC243-1DAC-4854-BEB6-1CBCC950F26B_20260430_v1.npy
270,part05,TCGA-OL-A5RW-01Z-00-DX1.E16DE8EE-31AF-4EAF-A85F-DB3E3E2C3BFF,_tmp_merge_shard00/part05/slide_embedding_TCGA-OL-A5RW-01Z-00-DX1.E16DE8EE-31AF-4EAF-A85F-DB3E3E2C3BFF_20260430_v1.npy
271,part05,TCGA-OL-A5RX-01Z-00-DX1.15A0D4F4-2744-4D44-8883-27FF83D9C824,_tmp_merge_shard00/part05/slide_embedding_TCGA-OL-A5RX-01Z-00-DX1.15A0D4F4-2744-4D44-8883-27FF83D9C824_20260430_v1.npy
272,part05,TCGA-OL-A66I-01Z-00-DX1.8CE9DCAB-98D3-4163-94AC-1557D86C1E25,_tmp_merge_shard00/part05/slide_embedding_TCGA-OL-A66I-01Z-00-DX1.8CE9DCAB-98D3-4163-94AC-1557D86C1E25_20260430_v1.npy
273,part05,TCGA-OL-A66K-01Z-00-DX1.C1DC85F1-4FAE-4411-9886-11DCB5E70CC3,_tmp_merge_shard00/part05/slide_embedding_TCGA-OL-A66K-01Z-00-DX1.C1DC85F1-4FAE-4411-9886-11DCB5E70CC3_20260430_v1.npy
274,part05,TCGA-PL-A8LV-01A-01-DX1.88F3D934-96C2-4652-9450-90F2E302FF6D,_tmp_merge_shard00/part05/slide_embedding_TCGA-PL-A8LV-01A-01-DX1.88F3D934-96C2-4652-9450-90F2E302FF6D_20260430_v1.npy
275,part05,TCGA-PL-A8LX-01A-02-DX2.84DA8B75-1196-4704-B6B2-C5E7BF645E95,_tmp_merge_shard00/part05/slide_embedding_TCGA-PL-A8LX-01A-02-DX2.84DA8B75-1196-4704-B6B2-C5E7BF645E95_20260430_v1.npy
276,part05,TCGA-PL-A8LZ-01A-02-DX2.E2697718-12E1-4D7C-9ED8-0A71C6D855B8,_tmp_merge_shard00/part05/slide_embedding_TCGA-PL-A8LZ-01A-02-DX2.E2697718-12E1-4D7C-9ED8-0A71C6D855B8_20260430_v1.npy
277,part05,TCGA-S3-A6ZF-01Z-00-DX1.E50205A0-63CA-49DE-8831-2A8916DEF403,_tmp_merge_shard00/part05/slide_embedding_TCGA-S3-A6ZF-01Z-00-DX1.E50205A0-63CA-49DE-8831-2A8916DEF403_20260430_v1.npy
278,part05,TCGA-S3-A6ZG-01Z-00-DX1.659A0BFB-D99B-474F-B4C2-6590C9161BD1,_tmp_merge_shard00/part05/slide_embedding_TCGA-S3-A6ZG-01Z-00-DX1.659A0BFB-D99B-474F-B4C2-6590C9161BD1_20260430_v1.npy
279,part05,TCGA-S3-AA10-01Z-00-DX1.C0468882-0DD8-4FC5-8C2F-E18BE8000F69,_tmp_merge_shard00/part05/slide_embedding_TCGA-S3-AA10-01Z-00-DX1.C0468882-0DD8-4FC5-8C2F-E18BE8000F69_20260430_v1.npy
280,part05,TCGA-S3-AA11-01Z-00-DX1.36B83B37-2928-4DB7-A04A-8D511F1183FD,_tmp_merge_shard00/part05/slide_embedding_TCGA-S3-AA11-01Z-00-DX1.36B83B37-2928-4DB7-A04A-8D511F1183FD_20260430_v1.npy
281,part05,TCGA-UL-AAZ6-01Z-00-DX1.0488628B-C06B-4A1D-9198-EC29D0BACF6E,_tmp_merge_shard00/part05/slide_embedding_TCGA-UL-AAZ6-01Z-00-DX1.0488628B-C06B-4A1D-9198-EC29D0BACF6E_20260430_v1.npy
282,part05,TCGA-WT-AB41-01Z-00-DX1.75BDFDF2-CD87-46D1-B32C-725741CB02BE,_tmp_merge_shard00/part05/slide_embedding_TCGA-WT-AB41-01Z-00-DX1.75BDFDF2-CD87-46D1-B32C-725741CB02BE_20260430_v1.npy
283,part05,TCGA-XX-A899-01Z-00-DX1.08FE27B7-73B8-4CE3-ACF4-0689C81C140B,_tmp_merge_shard00/part05/slide_embedding_TCGA-XX-A899-01Z-00-DX1.08FE27B7-73B8-4CE3-ACF4-0689C81C140B_20260430_v1.npy
