path,size_bytes,size_kib
.gitignore,360,0.35
20260416_biochat_v2_kg_visualization/README.md,5268,5.14
20260416_biochat_v2_kg_visualization/WORK_SUMMARY_20260416.md,5773,5.64
20260416_biochat_v2_kg_visualization/api_server_v2.py,48116,46.99
20260416_biochat_v2_kg_visualization/biochat_v2.html,76825,75.02
20260416_biochat_v2_kg_visualization/claude_code_instructions.md,17529,17.12
20260416_biochat_v2_kg_visualization/neo4j/loaders/fix_data_issues.py,17083,16.68
20260416_biochat_v2_kg_visualization/neo4j/loaders/load_brca_pipeline.py,9999,9.76
20260416_biochat_v2_kg_visualization/neo4j/loaders/load_curated_data.py,21568,21.06
20260416_biochat_v2_kg_visualization/neo4j/loaders/load_pipeline_results.py,6213,6.07
20260416_biochat_v2_kg_visualization/neo4j/loaders/manual_drug_target_mapping.yaml,321,0.31
20260416_biochat_v2_kg_visualization/neo4j/loaders/map_identifiers.py,19172,18.72
20260416_biochat_v2_kg_visualization/neo4j/schema/apply_schema.py,1816,1.77
20260416_biochat_v2_kg_visualization/neo4j/schema/schema.cypher,1139,1.11
20260416_biochat_v2_kg_visualization/pathway_apis.py,13536,13.22
20260416_biochat_v2_kg_visualization/test_neo4j.py,2615,2.55
BRCA/0.Image_modal_BRCA/clinical_analysis/brca_path_t_stage_test.json,858,0.84
BRCA/0.Image_modal_BRCA/clinical_analysis/cluster_association_tests.csv,427,0.42
BRCA/0.Image_modal_BRCA/clinical_analysis/cluster_clinical_mutation_merged.csv,132123,129.03
BRCA/0.Image_modal_BRCA/clinical_analysis/cluster_clinical_mutation_report.md,11982,11.7
BRCA/0.Image_modal_BRCA/clinical_analysis/cluster_kaplan_meier_os.png,54079,52.81
BRCA/0.Image_modal_BRCA/clinical_analysis/cluster_mutation_frequency.csv,276,0.27
BRCA/0.Image_modal_BRCA/clinical_analysis/cluster_stage_distribution.csv,294,0.29
BRCA/0.Image_modal_BRCA/clinical_analysis/cluster_subtype_distribution.csv,216,0.21
BRCA/0.Image_modal_BRCA/clinical_analysis/kaplan_meier_os.png,51025,49.83
BRCA/0.Image_modal_BRCA/clinical_analysis/survival_logrank_pvalue.json,447,0.44
BRCA/0.Image_modal_BRCA/clustering/cluster_assignments.csv,87829,85.77
BRCA/0.Image_modal_BRCA/clustering/cluster_metrics_k3_k4_k5.csv,480,0.47
BRCA/0.Image_modal_BRCA/clustering/cluster_summary.csv,350,0.34
BRCA/0.Image_modal_BRCA/clustering/pca_plot.png,110110,107.53
BRCA/0.Image_modal_BRCA/clustering/silhouette_scores.json,153,0.15
BRCA/0.Image_modal_BRCA/drug_interpretation/cluster_drug_pathway_hypothesis.csv,4207,4.11
BRCA/0.Image_modal_BRCA/embeddings/shard00_merged/all_slide_embeddings_shard00_merged_manifest.csv,54166,52.9
BRCA/0.Image_modal_BRCA/embeddings/shard00_merged/all_slide_embeddings_shard00_merged_summary.json,602,0.59
BRCA/0.Image_modal_BRCA/scripts/run_brca_cluster_clinical_mutation_analysis.py,20426,19.95
BRCA/0.Image_modal_BRCA/scripts/run_brca_image_clustering.py,12179,11.89
BRCA/0.Image_modal_BRCA/scripts/run_brca_step4_step5_local.py,15388,15.03
BRCA/0.Image_modal_BRCA/step4_step5_ablation/brca_step4_step5_report.md,3303,3.23
BRCA/0.Image_modal_BRCA/step4_step5_ablation/step5_ablation_comparison.csv,1879,1.83
BRCA/scripts/build_brca_repro_materials.py,14488,14.15
BRCA/scripts/build_brca_s3_upload_manifest.py,4286,4.19
BRCA/scripts/classify_brca_top30_tiers.py,8572,8.37
BRCA/scripts/extract_brca_step4_summary.py,11778,11.5
BRCA/scripts/run_brca_directive_ensemble.py,16032,15.66
BRCA/scripts/run_brca_step6_metabric_adapter.py,17012,16.61
BRCA/scripts/run_brca_step7_admet_adapter.py,18054,17.63
Colon/0.Image_modal_COAD/coad_image_modal_downstream_summary.json,672,0.66
Colon/0.Image_modal_COAD/step_im1_step4_reranking/feature_importance_20260430_v1.csv,40487,39.54
Colon/0.Image_modal_COAD/step_im1_step4_reranking/feature_importance_summary_20260430_v1.csv,85,0.08
Colon/0.Image_modal_COAD/step_im1_step4_reranking/reranked_top30_baseline_plus_image_20260430_v1.csv,9131,8.92
Colon/0.Image_modal_COAD/step_im1_step4_reranking/reranking_comparison_20260430_v1.csv,1307,1.28
Colon/0.Image_modal_COAD/step_im1_step4_reranking/reranking_cv5_baseline_20260430_v1.json,342,0.33
Colon/0.Image_modal_COAD/step_im1_step4_reranking/reranking_cv5_baseline_plus_image_20260430_v1.json,359,0.35
Colon/0.Image_modal_COAD/step_im1_step4_reranking/reranking_groupcv_baseline_20260430_v1.json,348,0.34
Colon/0.Image_modal_COAD/step_im1_step4_reranking/reranking_groupcv_baseline_plus_image_20260430_v1.json,365,0.36
Colon/0.Image_modal_COAD/step_im1_step4_reranking/reranking_holdout_baseline_20260430_v1.json,345,0.34
Colon/0.Image_modal_COAD/step_im1_step4_reranking/reranking_holdout_baseline_plus_image_20260430_v1.json,362,0.35
Colon/0.Image_modal_COAD/step_im1_step4_reranking/reranking_scaffoldcv_baseline_20260430_v1.json,351,0.34
Colon/0.Image_modal_COAD/step_im1_step4_reranking/reranking_scaffoldcv_baseline_plus_image_20260430_v1.json,368,0.36
Colon/0.Image_modal_COAD/step_im1_step4_reranking/step4_run_manifest_20260430_v1.json,267,0.26
Colon/0.Image_modal_COAD/step_im2/all_slide_embeddings_coad_merged_metadata.csv,7013072,6848.7
Colon/0.Image_modal_COAD/step_im2/embedding_qc.json,84,0.08
Colon/0.Image_modal_COAD/step_im3/cluster_pca_plot.png,103480,101.05
Colon/0.Image_modal_COAD/step_im3/kmeans_silhouette_scores.csv,79,0.08
Colon/0.Image_modal_COAD/step_im3/patient_clusters.csv,8068,7.88
Colon/0.Image_modal_COAD/step_im4a/cluster_mutation_frequency.csv,1404,1.37
Colon/0.Image_modal_COAD/step_im4a/cluster_statistical_tests.csv,975,0.95
Colon/0.Image_modal_COAD/step_im4a/cluster_survival_km.png,58998,57.62
Colon/0.Image_modal_COAD/step_im4a/coad_cluster_clinical_mutation_table.csv,90606,88.48
Colon/0.Image_modal_COAD/step_im4a/survival_logrank_pvalue.json,95,0.09
Colon/0.Image_modal_COAD/step_im4a/tcga_coadread_driver_mmr_mutations.csv,579100,565.53
Colon/0.Image_modal_COAD/step_im4a/tcga_coadread_patient_clinical.csv,174510,170.42
Colon/0.Image_modal_COAD/step_im4a/tcga_coadread_sample_clinical.csv,108548,106.0
Colon/0.Image_modal_COAD/step_im4b/coad_cluster_pathway_profiles.csv,888,0.87
Colon/0.Image_modal_COAD/step_im4b/coad_top30_drug_cluster_hypotheses.csv,21262,20.76
Colon/0.Image_modal_COAD/step_im4c/coad_admet_4tier_cluster_summary.json,981,0.96
Colon/0.Image_modal_COAD/step_im4c/coad_drug_cluster_recommendation_report.md,13101,12.79
Colon/0.Image_modal_COAD/step_im4c/coad_final_drug_cluster_recommendations.csv,21262,20.76
Colon/0.Image_modal_COAD/step_im4c/coad_top30_4tier_classification.csv,15588,15.22
Colon/0.Image_modal_COAD/step_im4c/coad_top30_admet_4tier_classification.csv,15588,15.22
Colon/0.Image_modal_COAD/step_im5/ablation_chart_full_20260430_v1.png,59018,57.63
Colon/0.Image_modal_COAD/step_im5/ablation_comparison_full_20260430_v1.csv,2672,2.61
Colon/0.Image_modal_COAD/step_im5/ablation_report_full_20260430_v1.md,2974,2.9
Colon/0.Image_modal_COAD/step_im5/ablation_summary_20260430_v1.json,642,0.63
Colon/shared_inputs/20260420_new_pre_project_biso_Colon/scripts/step7_1_admet_filtering.py,17903,17.48
Colon/shared_inputs/20260421_new_pre_project_biso_STAD/data/step4_lihc_v2_manual/context_vocab.json,106,0.1
Colon/shared_inputs/curated_data/admet/tdc_admet_group/admet_group/ames/test.csv,69441,67.81
Colon/shared_inputs/curated_data/admet/tdc_admet_group/admet_group/ames/train_val.csv,245590,239.83
Colon/shared_inputs/curated_data/admet/tdc_admet_group/admet_group/bbb_martins/test.csv,22353,21.83
Colon/shared_inputs/curated_data/admet/tdc_admet_group/admet_group/bbb_martins/train_val.csv,107016,104.51
Colon/shared_inputs/curated_data/admet/tdc_admet_group/admet_group/bioavailability_ma/test.csv,8515,8.32
Colon/shared_inputs/curated_data/admet/tdc_admet_group/admet_group/bioavailability_ma/train_val.csv,32596,31.83
Colon/shared_inputs/curated_data/admet/tdc_admet_group/admet_group/caco2_wang/test.csv,17322,16.92
Colon/shared_inputs/curated_data/admet/tdc_admet_group/admet_group/caco2_wang/train_val.csv,61694,60.25
Colon/shared_inputs/curated_data/admet/tdc_admet_group/admet_group/clearance_hepatocyte_az/test.csv,17054,16.65
Colon/shared_inputs/curated_data/admet/tdc_admet_group/admet_group/clearance_hepatocyte_az/train_val.csv,69682,68.05
Colon/shared_inputs/curated_data/admet/tdc_admet_group/admet_group/clearance_microsome_az/test.csv,15515,15.15
Colon/shared_inputs/curated_data/admet/tdc_admet_group/admet_group/clearance_microsome_az/train_val.csv,61761,60.31
Colon/shared_inputs/curated_data/admet/tdc_admet_group/admet_group/cyp2c9_substrate_carbonmangels/test.csv,9351,9.13
Colon/shared_inputs/curated_data/admet/tdc_admet_group/admet_group/cyp2c9_substrate_carbonmangels/train_val.csv,33590,32.8
Colon/shared_inputs/curated_data/admet/tdc_admet_group/admet_group/cyp2c9_veith/test.csv,139376,136.11
Colon/shared_inputs/curated_data/admet/tdc_admet_group/admet_group/cyp2c9_veith/train_val.csv,576176,562.67
Colon/shared_inputs/curated_data/admet/tdc_admet_group/admet_group/cyp2d6_substrate_carbonmangels/test.csv,9427,9.21
Colon/shared_inputs/curated_data/admet/tdc_admet_group/admet_group/cyp2d6_substrate_carbonmangels/train_val.csv,33310,32.53
Colon/shared_inputs/curated_data/admet/tdc_admet_group/admet_group/cyp2d6_veith/test.csv,143144,139.79
Colon/shared_inputs/curated_data/admet/tdc_admet_group/admet_group/cyp2d6_veith/train_val.csv,630120,615.35
Colon/shared_inputs/curated_data/admet/tdc_admet_group/admet_group/cyp3a4_substrate_carbonmangels/test.csv,9289,9.07
Colon/shared_inputs/curated_data/admet/tdc_admet_group/admet_group/cyp3a4_substrate_carbonmangels/train_val.csv,34093,33.29
Colon/shared_inputs/curated_data/admet/tdc_admet_group/admet_group/cyp3a4_veith/test.csv,148130,144.66
Colon/shared_inputs/curated_data/admet/tdc_admet_group/admet_group/cyp3a4_veith/train_val.csv,573412,559.97
Colon/shared_inputs/curated_data/admet/tdc_admet_group/admet_group/dili/test.csv,5726,5.59
Colon/shared_inputs/curated_data/admet/tdc_admet_group/admet_group/dili/train_val.csv,20016,19.55
Colon/shared_inputs/curated_data/admet/tdc_admet_group/admet_group/half_life_obach/test.csv,10529,10.28
Colon/shared_inputs/curated_data/admet/tdc_admet_group/admet_group/half_life_obach/train_val.csv,40409,39.46
Colon/shared_inputs/curated_data/admet/tdc_admet_group/admet_group/herg/test.csv,9147,8.93
Colon/shared_inputs/curated_data/admet/tdc_admet_group/admet_group/herg/train_val.csv,38458,37.56
Colon/shared_inputs/curated_data/admet/tdc_admet_group/admet_group/hia_hou/test.csv,8149,7.96
Colon/shared_inputs/curated_data/admet/tdc_admet_group/admet_group/hia_hou/train_val.csv,29694,29.0
Colon/shared_inputs/curated_data/admet/tdc_admet_group/admet_group/ld50_zhu/test.csv,154225,150.61
Colon/shared_inputs/curated_data/admet/tdc_admet_group/admet_group/ld50_zhu/train_val.csv,534081,521.56
Colon/shared_inputs/curated_data/admet/tdc_admet_group/admet_group/lipophilicity_astrazeneca/test.csv,57467,56.12
Colon/shared_inputs/curated_data/admet/tdc_admet_group/admet_group/lipophilicity_astrazeneca/train_val.csv,223630,218.39
Colon/shared_inputs/curated_data/admet/tdc_admet_group/admet_group/pgp_broccatelli/test.csv,22937,22.4
Colon/shared_inputs/curated_data/admet/tdc_admet_group/admet_group/pgp_broccatelli/train_val.csv,98234,95.93
Colon/shared_inputs/curated_data/admet/tdc_admet_group/admet_group/ppbr_az/test.csv,41047,40.08
Colon/shared_inputs/curated_data/admet/tdc_admet_group/admet_group/ppbr_az/train_val.csv,161449,157.67
Colon/shared_inputs/curated_data/admet/tdc_admet_group/admet_group/solubility_aqsoldb/test.csv,187313,182.92
Colon/shared_inputs/curated_data/admet/tdc_admet_group/admet_group/solubility_aqsoldb/train_val.csv,632718,617.89
Colon/shared_inputs/curated_data/admet/tdc_admet_group/admet_group/vdss_lombardo/test.csv,16167,15.79
Colon/shared_inputs/curated_data/admet/tdc_admet_group/admet_group/vdss_lombardo/train_val.csv,69288,67.66
HNSC/0.Image_modal_HNSC/step_im2/all_patient_embeddings_hnsc_merged_metadata.csv,3395,3.32
HNSC/0.Image_modal_HNSC/step_im2/all_slide_embeddings_hnsc_merged_metadata.csv,22757,22.22
HNSC/0.Image_modal_HNSC/step_im2/embedding_qc.json,359,0.35
HNSC/0.Image_modal_HNSC/step_im3/clustering_summary.json,220,0.21
HNSC/0.Image_modal_HNSC/step_im3/kmeans_silhouette.csv,152,0.15
HNSC/0.Image_modal_HNSC/step_im3/patient_clusters.csv,8409,8.21
HNSC/0.Image_modal_HNSC/step_im3/pca_clusters.png,93164,90.98
HNSC/0.Image_modal_HNSC/step_im4a/cluster_clinical_mutation_merged.csv,295485,288.56
HNSC/0.Image_modal_HNSC/step_im4a/cluster_clinical_summary.csv,524,0.51
HNSC/0.Image_modal_HNSC/step_im4a/cluster_grade_distribution.csv,64,0.06
HNSC/0.Image_modal_HNSC/step_im4a/cluster_hpv_status_distribution.csv,47,0.05
HNSC/0.Image_modal_HNSC/step_im4a/cluster_kaplan_meier_os.png,56209,54.89
HNSC/0.Image_modal_HNSC/step_im4a/cluster_molecular_subtype_distribution.csv,33,0.03
HNSC/0.Image_modal_HNSC/step_im4a/cluster_mutation_frequency.csv,357,0.35
HNSC/0.Image_modal_HNSC/step_im4a/cluster_pancan_rna_subtype_distribution.csv,49,0.05
HNSC/0.Image_modal_HNSC/step_im4a/cluster_stage_distribution.csv,96,0.09
HNSC/0.Image_modal_HNSC/step_im4a/cluster_statistical_tests.csv,1567,1.53
HNSC/0.Image_modal_HNSC/step_im4a/molecular_subtype_availability.json,419,0.41
HNSC/0.Image_modal_HNSC/step_im4a/survival_logrank_pvalue.json,99,0.1
HNSC/0.Image_modal_HNSC/step_im4c/hnsc_cluster_pathway_features.csv,127,0.12
HNSC/0.Image_modal_HNSC/step_im4c/hnsc_drug_recommendation_summary.json,202,0.2
HNSC/0.Image_modal_HNSC/step_im4c/hnsc_final_drug_cluster_recommendations.csv,9052,8.84
HNSC/0.Image_modal_HNSC/step_im4c/hnsc_top30_4tier_classification.csv,28488,27.82
HNSC/0.Image_modal_HNSC/step_im4c/hnsc_top30_admet_4tier_classification.csv,28488,27.82
HNSC/0.Image_modal_HNSC/step_im4c/hnsc_top30_cluster_drug_hypotheses.csv,9052,8.84
HNSC/0.Image_modal_HNSC/step_im5/hnsc_step4_summary.md,898,0.88
HNSC/0.Image_modal_HNSC/step_im5/reranking_comparison_20260430_v1.csv,223,0.22
HNSC/external_validation/20260427_hnsc_step4_v1/external_validation_independent_summary.json,487,0.48
HNSC/external_validation/20260427_hnsc_step4_v1/top30_external_validation_independent.csv,753,0.74
HNSC/external_validation/step6_hnsc_reference/positive_controls.csv,5073,4.95
HNSC/external_validation/step6_hnsc_reference/repurposing_top15.csv,15351,14.99
HNSC/external_validation/step6_hnsc_reference/repurposing_top15.json,36417,35.56
HNSC/external_validation/step6_hnsc_reference/step6_all_drugs.csv,179207,175.01
HNSC/external_validation/step6_hnsc_reference/step6_summary.json,2149,2.1
HNSC/external_validation/step6_hnsc_reference/step6_top50_full.csv,44903,43.85
HNSC/external_validation/step6_hnsc_reference/step6_top50_full.json,115562,112.85
HNSC/external_validation/step6_hnsc_reference/step6a_validation.json,1015,0.99
HNSC/external_validation/validation_inputs/external_validation_summary.json,175,0.17
HNSC/external_validation/validation_inputs/validation_input_summary.json,402,0.39
HNSC/reports/HNSC_dashboard_snapshot_20260428.md,750,0.73
HNSC/reports/HNSC_pipeline_full_summary_20260428.md,22849,22.31
HNSC/reports/HNSC_step6_final_and_step7_progress_20260428.md,1667,1.63
HNSC/reports/HNSC_top30_tier1234_fixed_20260428.md,368,0.36
HNSC/results/20260427_hnsc_step4_v1/step7_top15_hnsc_extended.csv,1986,1.94
HNSC/results/20260427_hnsc_step4_v1/step7_top15_hnsc_provisional.csv,642,0.63
HNSC/results/20260427_hnsc_step4_v1/step7_top15_hnsc_provisional_with_fixed_tier.csv,743,0.73
HNSC/results/20260427_hnsc_step4_v1/step7_top30_hnsc_extended.csv,3467,3.39
HNSC/results/20260427_hnsc_step4_v1/top30_tier1234_fixed_hnsc.csv,1858,1.81
HNSC/scripts/build_step7_extended_hnsc.py,3011,2.94
HNSC/scripts/run_step7_hnsc.sh,268,0.26
HNSC/scripts/step7_finalize_hnsc.py,2382,2.33
IPF/0.Image_modal_IPF/step_im1/osic_clinical_baseline.csv,35150,34.33
IPF/0.Image_modal_IPF/step_im1/step_im1_preprocessing_report.md,1251,1.22
IPF/0.Image_modal_IPF/step_im2/step_im2_embedding_report.md,338,0.33
IPF/0.Image_modal_IPF/step_im3/clustering_optimization.csv,143,0.14
IPF/0.Image_modal_IPF/step_im3/patient_clusters.csv,8582,8.38
IPF/0.Image_modal_IPF/step_im3/step_im3_clustering_report.md,99,0.1
IPF/0.Image_modal_IPF/step_im3/umap_cluster_plot.png,106976,104.47
IPF/0.Image_modal_IPF/step_im4a/cluster_fvc_trajectories.png,458447,447.7
IPF/0.Image_modal_IPF/step_im4a/im4a_clinical_association_summary.csv,458,0.45
IPF/0.Image_modal_IPF/step_im4a/im4a_cluster_descriptive_stats.csv,1198,1.17
IPF/0.Image_modal_IPF/step_im4a/im4a_fvc_cluster_summary_for_tests.csv,500,0.49
IPF/0.Image_modal_IPF/step_im4a/im4a_progression_contingency_for_chisq.csv,35,0.03
IPF/0.Image_modal_IPF/step_im4a/im4a_progression_distribution.csv,142,0.14
IPF/0.Image_modal_IPF/step_im4a/im4a_quantitative_statistical_tests.csv,395,0.39
IPF/0.Image_modal_IPF/step_im4a/step_im4a_report.md,431,0.42
IPF/0.Image_modal_IPF/step_im4b/im4b_fvc_prediction_comparison.csv,1363,1.33
IPF/0.Image_modal_IPF/step_im4b/im4b_roc_curves.png,67517,65.93
IPF/0.Image_modal_IPF/step_im4b/step_im4b_report.md,316,0.31
IPF/0.Image_modal_IPF/step_im4c/im4c_cluster_drug_mapping.csv,566,0.55
IPF/0.Image_modal_IPF/step_im4c/im4c_stratification_hypothesis.md,1407,1.37
IPF/0.Image_modal_IPF/step_im4c/step_im4c_report.md,159,0.16
IPF/0.Image_modal_IPF/step_im5/ipf_integrated_final_report_20260505.md,1402,1.37
IPF/1.Drug_results/ipf_admet_22assay_results.csv,167581,163.65
IPF/1.Drug_results/ipf_admet_hard_fail_summary.csv,5062,4.94
IPF/1.Drug_results/ipf_clinical_drug_rank_lookup.csv,1021,1.0
IPF/1.Drug_results/ipf_final_15_tiered.csv,4145,4.05
IPF/1.Drug_results/ipf_reference_drugs.csv,739,0.72
IPF/1.Drug_results/ipf_top30_clinical_reranked.csv,2880,2.81
IPF/2.External_validation/ev_drug_ranking_GSE110147.csv,7011511,6847.18
IPF/2.External_validation/ev_drug_ranking_GSE150910.csv,7011254,6846.93
IPF/2.External_validation/ev_performance_summary.csv,1666,1.63
IPF/2.External_validation/ev_report.md,681,0.67
IPF/2.External_validation/ev_top30_overlap.json,3989,3.9
IPF/3.Model_metadata/drug_target_pairs.csv,2787993,2722.65
IPF/3.Model_metadata/drug_target_summary.csv,1271,1.24
IPF/3.Model_metadata/ensemble_weights.json,642,0.63
IPF/3.Model_metadata/ipf_pipeline_protocol_20260504.md,4297,4.2
IPF/4.Cluster_drug_mapping/im4c_cluster_drug_mapping.csv,566,0.55
IPF/4.Cluster_drug_mapping/im4c_stratification_hypothesis.md,1407,1.37
LICENSE,1059,1.03
LUNG/0.Image_modal_LUAD/im4c_luad_cluster_drug_mapping.csv,5563,5.43
LUNG/0.Image_modal_LUAD/luad_image_modal_summary.json,536,0.52
LUNG/0.Image_modal_LUAD/luad_top30_4tier_classification.csv,16626,16.24
LUNG/0.Image_modal_LUAD/step_im2/all_slide_embeddings_luad_merged_metadata.csv,7778847,7596.53
LUNG/0.Image_modal_LUAD/step_im2/embedding_merge_qc.json,252,0.25
LUNG/0.Image_modal_LUAD/step_im3/clustering_optimization.csv,123,0.12
LUNG/0.Image_modal_LUAD/step_im3/patient_clusters.csv,30888,30.16
LUNG/0.Image_modal_LUAD/step_im3/pca_cluster_plot.png,123260,120.37
LUNG/0.Image_modal_LUAD/step_im3/slide_clusters.csv,30888,30.16
LUNG/0.Image_modal_LUAD/step_im3/step_im3_clustering_report.md,184,0.18
LUNG/0.Image_modal_LUAD/step_im4a/cluster_driver_mutation_frequency.csv,375,0.37
LUNG/0.Image_modal_LUAD/step_im4a/cluster_molecular_subtype_distribution.csv,256,0.25
LUNG/0.Image_modal_LUAD/step_im4a/cluster_stage_distribution.csv,523,0.51
LUNG/0.Image_modal_LUAD/step_im4a/cluster_statistical_tests.csv,560,0.55
LUNG/0.Image_modal_LUAD/step_im4a/cluster_survival_km.png,55655,54.35
LUNG/0.Image_modal_LUAD/step_im4a/luad_cluster_clinical_mutation_table.csv,160137,156.38
LUNG/0.Image_modal_LUAD/step_im4b/luad_cluster_pathway_profiles.csv,808,0.79
LUNG/0.Image_modal_LUAD/step_im4c/luad_top30_4tier_classification.csv,16626,16.24
LUNG/0.Image_modal_LUAD/step_im4c/luad_top30_cluster_drug_hypotheses.csv,5563,5.43
LUNG/0.Image_modal_LUAD/step_im5/luad_image_modal_downstream_20260506.py,22045,21.53
LUNG/0.Image_modal_LUAD/step_im5/s3_cleanup_manifest.json,884,0.86
LUNG/0.Image_modal_LUAD/step_im5_luad_image_modal_report.md,1001,0.98
LUNG/supporting_inputs/step4_feature_tracks/built_inputs/2C_numeric_smiles_context/luad/added_features.csv,763,0.75
LUNG/supporting_inputs/step4_feature_tracks/built_inputs/2C_numeric_smiles_context/luad/duplicate_or_skipped_features.csv,1,0.0
LUNG/supporting_inputs/step4_feature_tracks/built_inputs/2C_numeric_smiles_context/luad/feature_track_build_report.json,1813,1.77
LUNG/workspace_docs/LUNG_README.md,7520,7.34
LUNG/workspace_docs/drug_repurposing_pipeline_protocol.md,43441,42.42
LUNG/workspace_reports/lung_directive_ensemble/lung_directive_ensemble_metrics.csv,1077,1.05
LUNG/workspace_reports/lung_directive_ensemble/lung_directive_ensemble_summary.md,5888,5.75
LUNG/workspace_reports/lung_directive_ensemble/lung_directive_ensemble_top30_by_eval_mode.csv,63388,61.9
LUNG/workspace_reports/lung_directive_ensemble/lung_directive_ensemble_top30_unseen_drug_dedup.csv,2010,1.96
LUNG/workspace_reports/lung_directive_ensemble/lung_directive_ensemble_top30_unseen_drug_finalization_audit.csv,2220,2.17
LUNG/workspace_reports/lung_directive_ensemble/lung_directive_ensemble_top30_unseen_drug_finalization_summary.md,3714,3.63
LUNG/workspace_reports/lung_directive_ensemble/lung_directive_ensemble_top30_unseen_drug_finalized.csv,15360,15.0
LUNG/workspace_reports/lung_reproducibility/LUNG_repro_environment_20260429.md,955,0.93
LUNG/workspace_reports/lung_reproducibility/LUNG_reproduction_protocol_20260429_v1.md,6753,6.59
LUNG/workspace_reports/lung_reproducibility/lung_execution_report_20260429.md,2064,2.02
LUNG/workspace_reports/lung_reproducibility/lung_s3_upload_manifest_20260429.md,3006,2.94
LUNG/workspace_reports/lung_reproducibility/lung_step6_step7_execution_scope_20260429.md,1847,1.8
LUNG/workspace_reports/lung_step6_current_package/lung_clinical_trials_matched_drugs.csv,69931,68.29
LUNG/workspace_reports/lung_step6_current_package/lung_clinical_trials_validation_results.json,159,0.16
LUNG/workspace_reports/lung_step6_current_package/lung_cosmic_matched_drugs.csv,135015,131.85
LUNG/workspace_reports/lung_step6_current_package/lung_cosmic_validation_results.json,128,0.12
LUNG/workspace_reports/lung_step6_current_package/lung_cptac_target_expression_stats.csv,3826,3.74
LUNG/workspace_reports/lung_step6_current_package/lung_cptac_validation_results.json,104,0.1
LUNG/workspace_reports/lung_step6_current_package/lung_final_drug_ranking_dedup.csv,6016,5.88
LUNG/workspace_reports/lung_step6_current_package/lung_final_drug_ranking_with_scores.csv,6016,5.88
LUNG/workspace_reports/lung_step6_current_package/lung_final_ranking_dedup_summary.json,1361,1.33
LUNG/workspace_reports/lung_step6_current_package/lung_final_ranking_summary.json,1334,1.3
LUNG/workspace_reports/lung_step6_current_package/lung_prism_matched_drugs.csv,2989,2.92
LUNG/workspace_reports/lung_step6_current_package/lung_prism_validation_results.json,101,0.1
LUNG/workspace_reports/lung_step6_current_package/lung_step6_current_package_summary.md,1636,1.6
LUNG/workspace_reports/lung_step6_package/lung_step6_external_validation_readiness_checks.csv,3688,3.6
LUNG/workspace_reports/lung_step6_package/lung_step6_external_validation_readiness_summary.json,517,0.5
LUNG/workspace_reports/lung_step6_package/lung_step6_package_summary.md,10870,10.62
LUNG/workspace_reports/lung_step6_package/lung_step6_top30_tiered_candidates.csv,14202,13.87
LUNG/workspace_reports/lung_step6_package/lung_step6_top30_tiered_candidates.json,34461,33.65
LUNG/workspace_scripts/bootstrap_lung_repro_from_s3.sh,2665,2.6
LUNG/workspace_scripts/bootstrap_lung_step0_raw_from_s3.sh,1404,1.37
LUNG/workspace_scripts/build_lung_directive_ensemble.py,12364,12.07
LUNG/workspace_scripts/finalize_lung_top30.py,8238,8.04
LUNG/workspace_scripts/mirror_lung_raw_to_current_s3.sh,460,0.45
LUNG/workspace_scripts/prepare_lung_step6_package.py,17900,17.48
LUNG/workspace_scripts/run_lung_step6_current_package.py,19319,18.87
LUNG/workspace_scripts/step7_0_remove_duplicates.py,2962,2.89
LUNG/workspace_scripts/step7_1_admet_filtering.py,12744,12.45
LUNG/workspace_scripts/step7_2_select_top15.py,5222,5.1
LUNG/workspace_scripts/sync_lung_repro_to_s3.sh,3566,3.48
Liver/0.Image_modal_LIHC/im4c_lihc_cluster_drug_mapping.csv,3160,3.09
Liver/0.Image_modal_LIHC/lihc_image_modal_summary.json,539,0.53
Liver/0.Image_modal_LIHC/lihc_top30_4tier_classification.csv,35006,34.19
Liver/0.Image_modal_LIHC/step_im1_step4_reranking/reranked_top30_cv5_20260430_v1.csv,22577,22.05
Liver/0.Image_modal_LIHC/step_im1_step4_reranking/reranked_top30_groupcv_20260430_v1.csv,22577,22.05
Liver/0.Image_modal_LIHC/step_im1_step4_reranking/reranked_top30_holdout_20260430_v1.csv,22577,22.05
Liver/0.Image_modal_LIHC/step_im1_step4_reranking/reranked_top30_scaffoldcv_20260430_v1.csv,22577,22.05
Liver/0.Image_modal_LIHC/step_im1_step4_reranking/reranking_baseline_vs_image_comparison_20260430_v1.csv,1228,1.2
Liver/0.Image_modal_LIHC/step_im1_step4_reranking/reranking_comparison_20260430_v1.csv,715,0.7
Liver/0.Image_modal_LIHC/step_im1_step4_reranking/reranking_cv5_20260430_v1.json,307,0.3
Liver/0.Image_modal_LIHC/step_im1_step4_reranking/reranking_feature_importance_summary_20260430_v1.csv,622,0.61
Liver/0.Image_modal_LIHC/step_im1_step4_reranking/reranking_groupcv_20260430_v1.json,308,0.3
Liver/0.Image_modal_LIHC/step_im1_step4_reranking/reranking_holdout_20260430_v1.json,305,0.3
Liver/0.Image_modal_LIHC/step_im1_step4_reranking/reranking_scaffoldcv_20260430_v1.json,311,0.3
Liver/0.Image_modal_LIHC/step_im1_step4_reranking/step4_reranking_sagemaker_20260430_v1.py,6581,6.43
Liver/0.Image_modal_LIHC/step_im2/all_slide_embeddings_lihc_merged_metadata.csv,6947550,6784.72
Liver/0.Image_modal_LIHC/step_im2/embedding_merge_qc.json,251,0.25
Liver/0.Image_modal_LIHC/step_im3/clustering_optimization.csv,123,0.12
Liver/0.Image_modal_LIHC/step_im3/patient_clusters.csv,27593,26.95
Liver/0.Image_modal_LIHC/step_im3/pca_cluster_plot.png,126821,123.85
Liver/0.Image_modal_LIHC/step_im3/slide_clusters.csv,27593,26.95
Liver/0.Image_modal_LIHC/step_im3/step_im3_clustering_report.md,184,0.18
Liver/0.Image_modal_LIHC/step_im4a/cluster_driver_mutation_frequency.csv,723,0.71
Liver/0.Image_modal_LIHC/step_im4a/cluster_grade_distribution.csv,199,0.19
Liver/0.Image_modal_LIHC/step_im4a/cluster_molecular_subtype_distribution.csv,305,0.3
Liver/0.Image_modal_LIHC/step_im4a/cluster_mutation_frequency.csv,723,0.71
Liver/0.Image_modal_LIHC/step_im4a/cluster_stage_distribution.csv,313,0.31
Liver/0.Image_modal_LIHC/step_im4a/cluster_statistical_tests.csv,803,0.78
Liver/0.Image_modal_LIHC/step_im4a/cluster_survival_km.png,57784,56.43
Liver/0.Image_modal_LIHC/step_im4a/cluster_tert_cna_stats.csv,410,0.4
Liver/0.Image_modal_LIHC/step_im4a/cluster_tert_expression_stats.csv,339,0.33
Liver/0.Image_modal_LIHC/step_im4a/cluster_tert_expression_survival_link.csv,1038,1.01
Liver/0.Image_modal_LIHC/step_im4a/cluster_tert_mrna_expression_boxplot.png,55041,53.75
Liver/0.Image_modal_LIHC/step_im4a/lihc_cluster_clinical_mutation_table.csv,178947,174.75
Liver/0.Image_modal_LIHC/step_im4a/lihc_stage_association_summary.md,1288,1.26
Liver/0.Image_modal_LIHC/step_im4a/tert_expression_cna_report.md,988,0.96
Liver/0.Image_modal_LIHC/step_im4a/tert_expression_cna_statistical_tests.csv,452,0.44
Liver/0.Image_modal_LIHC/step_im4a/tert_expression_cna_summary.json,1666,1.63
Liver/0.Image_modal_LIHC/step_im4a/tert_mutation_cooccurrence.csv,692,0.68
Liver/0.Image_modal_LIHC/step_im4a/tert_promoter_data_availability.json,1168,1.14
Liver/0.Image_modal_LIHC/step_im4a/tert_promoter_status_report.md,1735,1.69
Liver/0.Image_modal_LIHC/step_im4b/lihc_cluster_pathway_profiles.csv,859,0.84
Liver/0.Image_modal_LIHC/step_im4c/lihc_drug_recommendation_summary.json,869,0.85
Liver/0.Image_modal_LIHC/step_im4c/lihc_top30_4tier_classification.csv,35006,34.19
Liver/0.Image_modal_LIHC/step_im4c/lihc_top30_admet_filtering.csv,4224,4.12
Liver/0.Image_modal_LIHC/step_im4c/lihc_top30_cluster_drug_hypotheses.csv,3160,3.09
Liver/0.Image_modal_LIHC/step_im5/add_lihc_tert_expression_cna_20260506.py,11297,11.03
Liver/0.Image_modal_LIHC/step_im5/enhance_lihc_admet_tiering_20260506.py,8007,7.82
Liver/0.Image_modal_LIHC/step_im5/lihc_image_modal_downstream_20260506.py,22268,21.75
Liver/0.Image_modal_LIHC/step_im5/s3_cleanup_manifest.json,885,0.86
Liver/0.Image_modal_LIHC/step_im5/update_lihc_tert_promoter_status_20260506.py,10386,10.14
Liver/0.Image_modal_LIHC/step_im5_lihc_image_modal_report.md,1014,0.99
Liver/generated/external_validation/20260428_liver_step4_cv5_gc_sc/external_validation_lihc_cptac_excluded_summary.json,554,0.54
Liver/generated/external_validation/20260428_liver_step4_cv5_gc_sc/reports/external_validation_data_readiness_lihc.json,1475,1.44
Liver/generated/external_validation/20260428_liver_step4_cv5_gc_sc/reports/external_validation_data_readiness_lihc.md,961,0.94
Liver/generated/external_validation/20260428_liver_step4_cv5_gc_sc/reports/external_validation_run_lihc_cptac_excluded.md,661,0.65
Liver/generated/external_validation/20260428_liver_step4_cv5_gc_sc/top30_external_validation_lihc_cptac_excluded.csv,5034,4.92
Liver/generated/external_validation/top30_external_validation_lihc_cptac_excluded_v1.csv,6114,5.97
Liver/generated/reports/LIHC_STAD_execution_report_20260428.md,2381,2.33
Liver/generated/reports/LIHC_STAD_execution_report_20260428_v2.md,1786,1.74
Liver/generated/reports/LIHC_STAD_operational_protocol_20260428.md,2440,2.38
Liver/generated/reports/LIHC_STAD_operational_protocol_20260428_v2.md,4249,4.15
Liver/generated/reports/LIHC_V2_READINESS_CHECKLIST.md,1262,1.23
Liver/generated/reports/LIHC_V2_S3_REPRO_HANDOFF.md,3311,3.23
Liver/generated/reports/LIVER_ONECLICK_RUNBOOK_v2.md,1805,1.76
Liver/generated/repro_20260428_liver_step4_v2_20260429/REPRO_MANIFEST.json,29751,29.05
Liver/generated/repro_20260428_liver_step4_v2_20260429/liver_cancer_external_validation_20260428_liver_step4_v2/external_validation_lihc_cptac_excluded_summary.json,587,0.57
Liver/generated/repro_20260428_liver_step4_v2_20260429/liver_cancer_external_validation_20260428_liver_step4_v2/reports/external_validation_run_lihc_cptac_excluded.md,687,0.67
Liver/generated/repro_20260428_liver_step4_v2_20260429/liver_cancer_external_validation_20260428_liver_step4_v2/top30_external_validation_lihc_cptac_excluded.csv,5814,5.68
Liver/generated/repro_20260428_liver_step4_v2_20260429/liver_cancer_reports_snapshot/LIHC_STAD_execution_report_20260428_v2.md,1786,1.74
Liver/generated/repro_20260428_liver_step4_v2_20260429/liver_cancer_reports_snapshot/LIHC_STAD_operational_protocol_20260428_v2.md,4249,4.15
Liver/generated/repro_20260428_liver_step4_v2_20260429/liver_cancer_reports_snapshot/LIHC_V2_READINESS_CHECKLIST.md,1262,1.23
Liver/generated/repro_20260428_liver_step4_v2_20260429/liver_cancer_reports_snapshot/LIHC_V2_S3_REPRO_HANDOFF.md,3311,3.23
Liver/generated/repro_20260428_liver_step4_v2_20260429/liver_cancer_reports_snapshot/LIVER_ONECLICK_RUNBOOK_v2.md,1805,1.76
Liver/generated/repro_20260428_liver_step4_v2_20260429/liver_cancer_results_20260428_liver_step4_v2/lihc_top30_directive_ensemble_with_names.csv,5817,5.68
Liver/generated/repro_20260428_liver_step4_v2_20260429/liver_cancer_results_20260428_liver_step4_v2/lihc_v2_top30_dedup_tiered.csv,13153,12.84
Liver/generated/repro_20260428_liver_step4_v2_20260429/liver_processed_snapshot/model_inputs/model_input_summary.json,6345,6.2
Liver/generated/repro_20260428_liver_step4_v2_20260429/liver_processed_snapshot/slim_inputs/context_smiles_bundle_summary.json,5096,4.98
Liver/generated/repro_20260428_liver_step4_v2_20260429/liver_processed_snapshot/slim_inputs/feature_names.json,123725,120.83
Liver/generated/repro_20260428_liver_step4_v2_20260429/liver_processed_snapshot/slim_inputs/slim_input_summary.json,6345,6.2
Liver/generated/repro_20260428_liver_step4_v2_20260429/protocol_mirror/LIHC_ensemble_directive_v1_from_s3_docs.md,10711,10.46
Liver/generated/repro_20260428_liver_step4_v2_20260429/protocol_used_files/docs/LIHC_v2_ensemble_directive.md,10846,10.59
Liver/generated/repro_20260428_liver_step4_v2_20260429/stad_configs/lihc_v2_clinical_tier_overrides.tsv,242,0.24
Liver/generated/repro_20260428_liver_step4_v2_20260429/stad_configs/lihc_v2_hcc_approved_anchors.tsv,474,0.46
Liver/generated/repro_20260428_liver_step4_v2_20260429/stad_data_step4_lihc_v2_manual/context_vocab.json,106,0.1
Liver/generated/repro_20260428_liver_step4_v2_20260429/stad_reports/step4_metrics_review_20260428_liver_step4_v2.csv,7297,7.13
Liver/generated/repro_20260428_liver_step4_v2_20260429/stad_reports/step4_metrics_review_20260428_liver_step4_v2.md,8252,8.06
Liver/generated/repro_20260428_liver_step4_v2_20260429/stad_reports/step4_metrics_review_20260428_liver_step4_v2_by_phase.csv,7266,7.1
Liver/generated/repro_20260428_liver_step4_v2_20260429/stad_reports/step4_metrics_review_20260428_liver_step4_v2_long.csv,28934,28.26
Liver/generated/repro_20260428_liver_step4_v2_20260429/stad_results_20260428_liver_step4_v2/dl/run_meta_dl_stad.json,211,0.21
Liver/generated/repro_20260428_liver_step4_v2_20260429/stad_results_20260428_liver_step4_v2/dl/stad_numeric_context_smiles_dl_v1_cv5.json,29561,28.87
Liver/generated/repro_20260428_liver_step4_v2_20260429/stad_results_20260428_liver_step4_v2/dl/stad_numeric_context_smiles_dl_v1_groupcv.json,20373,19.9
Liver/generated/repro_20260428_liver_step4_v2_20260429/stad_results_20260428_liver_step4_v2/dl/stad_numeric_context_smiles_dl_v1_scaffoldcv.json,20723,20.24
Liver/generated/repro_20260428_liver_step4_v2_20260429/stad_results_20260428_liver_step4_v2/dl/stad_numeric_dl_v1_cv5.json,29582,28.89
Liver/generated/repro_20260428_liver_step4_v2_20260429/stad_results_20260428_liver_step4_v2/dl/stad_numeric_dl_v1_groupcv.json,20351,19.87
Liver/generated/repro_20260428_liver_step4_v2_20260429/stad_results_20260428_liver_step4_v2/dl/stad_numeric_dl_v1_scaffoldcv.json,20737,20.25
Liver/generated/repro_20260428_liver_step4_v2_20260429/stad_results_20260428_liver_step4_v2/dl/stad_numeric_smiles_dl_v1_cv5.json,29594,28.9
Liver/generated/repro_20260428_liver_step4_v2_20260429/stad_results_20260428_liver_step4_v2/dl/stad_numeric_smiles_dl_v1_groupcv.json,20383,19.91
Liver/generated/repro_20260428_liver_step4_v2_20260429/stad_results_20260428_liver_step4_v2/dl/stad_numeric_smiles_dl_v1_scaffoldcv.json,20752,20.27
Liver/generated/repro_20260428_liver_step4_v2_20260429/stad_results_20260428_liver_step4_v2/graph/run_meta_graph_stad.json,211,0.21
Liver/generated/repro_20260428_liver_step4_v2_20260429/stad_results_20260428_liver_step4_v2/graph/stad_numeric_context_smiles_graph_v1_cv5.json,8623,8.42
Liver/generated/repro_20260428_liver_step4_v2_20260429/stad_results_20260428_liver_step4_v2/graph/stad_numeric_context_smiles_graph_v1_groupcv.json,5777,5.64
Liver/generated/repro_20260428_liver_step4_v2_20260429/stad_results_20260428_liver_step4_v2/graph/stad_numeric_context_smiles_graph_v1_scaffoldcv.json,5887,5.75
Liver/generated/repro_20260428_liver_step4_v2_20260429/stad_results_20260428_liver_step4_v2/graph/stad_numeric_graph_v1_cv5.json,8608,8.41
Liver/generated/repro_20260428_liver_step4_v2_20260429/stad_results_20260428_liver_step4_v2/graph/stad_numeric_graph_v1_groupcv.json,5848,5.71
Liver/generated/repro_20260428_liver_step4_v2_20260429/stad_results_20260428_liver_step4_v2/graph/stad_numeric_graph_v1_scaffoldcv.json,5893,5.75
Liver/generated/repro_20260428_liver_step4_v2_20260429/stad_results_20260428_liver_step4_v2/graph/stad_numeric_smiles_graph_v1_cv5.json,8642,8.44
Liver/generated/repro_20260428_liver_step4_v2_20260429/stad_results_20260428_liver_step4_v2/graph/stad_numeric_smiles_graph_v1_groupcv.json,5786,5.65
Liver/generated/repro_20260428_liver_step4_v2_20260429/stad_results_20260428_liver_step4_v2/graph/stad_numeric_smiles_graph_v1_scaffoldcv.json,5917,5.78
Liver/generated/repro_20260428_liver_step4_v2_20260429/stad_results_20260428_liver_step4_v2/lihc_top30_directive_ensemble_with_names.csv,5817,5.68
Liver/generated/repro_20260428_liver_step4_v2_20260429/stad_results_20260428_liver_step4_v2/lihc_v2_directive_weighted_ensemble_all_drugs.csv,47554,46.44
Liver/generated/repro_20260428_liver_step4_v2_20260429/stad_results_20260428_liver_step4_v2/lihc_v2_directive_weighted_ensemble_summary.json,4187,4.09
Liver/generated/repro_20260428_liver_step4_v2_20260429/stad_results_20260428_liver_step4_v2/lihc_v2_directive_weighted_ensemble_top30.csv,6260,6.11
Liver/generated/repro_20260428_liver_step4_v2_20260429/stad_results_20260428_liver_step4_v2/lihc_v2_top30_dedup_tier_summary.json,635,0.62
Liver/generated/repro_20260428_liver_step4_v2_20260429/stad_results_20260428_liver_step4_v2/lihc_v2_top30_dedup_tiered.csv,13153,12.84
Liver/generated/repro_20260428_liver_step4_v2_20260429/stad_results_20260428_liver_step4_v2/ml/run_meta_ml_stad.json,192,0.19
Liver/generated/repro_20260428_liver_step4_v2_20260429/stad_results_20260428_liver_step4_v2/ml/stad_numeric_context_smiles_ml_v1_cv5.json,24960,24.38
Liver/generated/repro_20260428_liver_step4_v2_20260429/stad_results_20260428_liver_step4_v2/ml/stad_numeric_context_smiles_ml_v1_groupcv.json,17037,16.64
Liver/generated/repro_20260428_liver_step4_v2_20260429/stad_results_20260428_liver_step4_v2/ml/stad_numeric_context_smiles_ml_v1_scaffoldcv.json,17371,16.96
Liver/generated/repro_20260428_liver_step4_v2_20260429/stad_results_20260428_liver_step4_v2/ml/stad_numeric_ml_v1_cv5.json,24941,24.36
Liver/generated/repro_20260428_liver_step4_v2_20260429/stad_results_20260428_liver_step4_v2/ml/stad_numeric_ml_v1_groupcv.json,17125,16.72
Liver/generated/repro_20260428_liver_step4_v2_20260429/stad_results_20260428_liver_step4_v2/ml/stad_numeric_ml_v1_scaffoldcv.json,17362,16.96
Liver/generated/repro_20260428_liver_step4_v2_20260429/stad_results_20260428_liver_step4_v2/ml/stad_numeric_smiles_ml_v1_cv5.json,24936,24.35
Liver/generated/repro_20260428_liver_step4_v2_20260429/stad_results_20260428_liver_step4_v2/ml/stad_numeric_smiles_ml_v1_groupcv.json,17154,16.75
Liver/generated/repro_20260428_liver_step4_v2_20260429/stad_results_20260428_liver_step4_v2/ml/stad_numeric_smiles_ml_v1_scaffoldcv.json,17368,16.96
Liver/generated/repro_20260428_liver_step4_v2_20260429/stad_scripts_snapshot/ensemble_lihc_v2_directive_weighted.py,7700,7.52
Liver/generated/repro_20260428_liver_step4_v2_20260429/stad_scripts_snapshot/prepare_lihc_v2_top30_dedup_tiered.py,14386,14.05
Liver/generated/repro_20260428_liver_step4_v2_20260429/stad_scripts_snapshot/summarize_step4_metrics_stad.py,8497,8.3
Liver/generated/results/20260428_liver_step4_v2/lihc_top30_directive_ensemble_with_names.csv,5817,5.68
Liver/generated/results/20260428_liver_step4_v2/lihc_v2_top30_dedup_tiered.csv,13153,12.84
Liver/generated/results/lihc_candidate_pool_v2.csv,31424,30.69
Liver/generated/results/lihc_final_top15.csv,5942,5.8
Liver/generated/results/lihc_final_top15_summary.json,728,0.71
Liver/generated/results/lihc_final_top15_summary_v1.json,728,0.71
Liver/generated/results/lihc_final_top15_v1.csv,5942,5.8
Liver/generated/results/lihc_step4_v2_metrics_full_by_phase.csv,7266,7.1
Liver/generated/results/lihc_step7_final_top15_tier4.csv,2333,2.28
Liver/generated/results/lihc_step7_final_top15_tier4_summary.json,728,0.71
Liver/generated/results/lihc_step7_final_top15_tier4_summary_v1.json,728,0.71
Liver/generated/results/lihc_step7_final_top15_tier4_v1.csv,2333,2.28
Liver/generated/results/lihc_top30_hcc_anchor3.csv,6096,5.95
Liver/generated/results/lihc_top30_hcc_anchor3_v1.csv,6096,5.95
Liver/generated/results/lihc_top50_candidate_pre_step4_v2.csv,8008,7.82
Liver/generated/results/lihc_v1_manifest.json,845,0.83
Liver/generated/results/lihc_v2_candidate_pool_summary.json,1415,1.38
Liver/generated/results/stad_admet_summary.json,38106,37.21
Liver/generated/results/stad_drugs_with_admet.csv,6908,6.75
Liver/generated/results/stad_final_top15.csv,5552,5.42
Liver/generated/results/stad_final_top15_summary.json,2560,2.5
Liver/generated/results/stad_step7_three_stage_summary.json,6685,6.53
Liver/generated/scripts/step6_ext_lihc_independent_cptac_excluded.py,15703,15.33
Liver/protocol_used_files/configs/CONTEXT.md,9365,9.15
Liver/protocol_used_files/docs/LIHC_STAD_execution_report_20260428.md,2737,2.67
Liver/protocol_used_files/docs/LIHC_STAD_operational_protocol_20260428.md,2697,2.63
Liver/protocol_used_files/docs/LIHC_ensemble_directive.md,10711,10.46
Liver/protocol_used_files/docs/LIVER_ONECLICK_RUNBOOK.md,2077,2.03
Liver/protocol_used_files/docs/README.md,4184,4.09
Liver/protocol_used_files/docs/STAD_reproduction_protocol.md,13554,13.24
Liver/protocol_used_files/scripts/aggregate_lincs_to_drug_level.py,10659,10.41
Liver/protocol_used_files/scripts/bridge_drug_features.py,7031,6.87
Liver/protocol_used_files/scripts/build_cosmic_stad.py,10407,10.16
Liver/protocol_used_files/scripts/convert_raw_to_parquet.py,9009,8.8
Liver/protocol_used_files/scripts/deep_check_stad_lincs_aliases.py,6751,6.59
Liver/protocol_used_files/scripts/download_clinicaltrials_stad.py,6678,6.52
Liver/protocol_used_files/scripts/download_stad_clinicaltrials.sh,918,0.9
Liver/protocol_used_files/scripts/download_stad_cohort_data.sh,3160,3.09
Liver/protocol_used_files/scripts/download_stad_geo_gse84437.sh,2197,2.15
Liver/protocol_used_files/scripts/export_stad_gdsc_for_prepare.py,1560,1.52
Liver/protocol_used_files/scripts/extract_chembl_from_sqlite.py,3089,3.02
Liver/protocol_used_files/scripts/extract_lincs_gctx_stad.py,6715,6.56
Liver/protocol_used_files/scripts/feature_selection.py,10597,10.35
Liver/protocol_used_files/scripts/fetch_pdc_cptac_stad_manifest.py,7813,7.63
Liver/protocol_used_files/scripts/fetch_stad_priority_external.sh,1808,1.77
Liver/protocol_used_files/scripts/filter_stad_cell_lines.py,7996,7.81
Liver/protocol_used_files/scripts/filter_stad_depmap_to_labels.py,12549,12.25
Liver/protocol_used_files/scripts/gene_symbol_to_entrez.json,373753,364.99
Liver/protocol_used_files/scripts/link_lincs_gse92742_from_colon.sh,1558,1.52
Liver/protocol_used_files/scripts/nextflow_config_dry_run.sh,202,0.2
Liver/protocol_used_files/scripts/parallel_download_stad.sh,4779,4.67
Liver/protocol_used_files/scripts/preprocess_lincs_crispr_prefix.py,2147,2.1
Liver/protocol_used_files/scripts/rebuild_stad_lincs_cell_ids_gse92742.py,14304,13.97
Liver/protocol_used_files/scripts/run_step2_stad.sh,5243,5.12
Liver/protocol_used_files/scripts/run_step6_stad.sh,3646,3.56
Liver/protocol_used_files/scripts/stad_subtype_tagging.py,2808,2.74
Liver/protocol_used_files/scripts/step2_qc.py,9276,9.06
Liver/protocol_used_files/scripts/sync_stad_geo_suppl_and_cptac_pointer.sh,2713,2.65
Liver/protocol_used_files/scripts/upload_stad_data_to_s3.sh,620,0.61
Liver/protocol_used_files/scripts_runtime/build_v2_candidate_pool_lihc.py,3767,3.68
Liver/protocol_used_files/scripts_runtime/run_liver_oneclick.sh,5790,5.65
Liver/protocol_used_files/scripts_runtime/step6_ext_lihc_independent_cptac_excluded.py,15703,15.33
Liver/protocol_used_files/scripts_runtime/step7_2_select_top15_lihc.py,5327,5.2
OV/0.Image_modal_OV/s3_embedding_cache/step3-ov-part00-20260504/slide_embeddings/embedding_metadata_20260430_v1.json,83,0.08
OV/0.Image_modal_OV/s3_embedding_cache/step3-ov-part01-20260504/slide_embeddings/embedding_metadata_20260430_v1.json,83,0.08
OV/0.Image_modal_OV/step_im1/wsi_manifest.json,2306,2.25
OV/0.Image_modal_OV/step_im2/all_patient_embeddings_ov_merged.qc.json,413,0.4
OV/0.Image_modal_OV/step_im2/all_patient_embeddings_ov_metadata.csv,770,0.75
OV/0.Image_modal_OV/step_im2/embedding_pending.json,2518,2.46
OV/0.Image_modal_OV/step_im3/clustering_pending.json,148,0.14
OV/0.Image_modal_OV/step_im3/clustering_summary.json,215,0.21
OV/0.Image_modal_OV/step_im3/im3_best_k_comparison_20260513.csv,230,0.22
OV/0.Image_modal_OV/step_im3/im3_k_search_results.csv,352,0.34
OV/0.Image_modal_OV/step_im3/im3_k_search_summary.md,1203,1.17
OV/0.Image_modal_OV/step_im3/kmeans_silhouette.csv,352,0.34
OV/0.Image_modal_OV/step_im3/patient_clusters.csv,1732,1.69
OV/0.Image_modal_OV/step_im3/pca_clusters.png,45838,44.76
OV/0.Image_modal_OV/step_im4/im4c_cluster_drug_links_scored.csv,6692,6.54
OV/0.Image_modal_OV/step_im4/im4c_confidence_summary.md,8535,8.33
OV/0.Image_modal_OV/step_im4a/clinical_pending.json,67,0.07
OV/0.Image_modal_OV/step_im4c/cluster_drug_hypotheses.csv,6692,6.54
OV/0.Image_modal_OV/step_im4c/cluster_drug_pending.json,124,0.12
OV/0.Image_modal_OV/step_im4c/cluster_drug_summary.json,251,0.25
OV/0.Image_modal_OV/step_im5/image_modal_summary.md,626,0.61
OV/1.Drug_results/admet_candidate_gate.csv,27288,26.65
OV/1.Drug_results/admet_filtered_top15.csv,15120,14.77
OV/1.Drug_results/admet_summary.json,624,0.61
OV/1.Drug_results/selected_drugs_top_n.csv,7080,6.91
OV/1.Drug_results/selection_summary.json,1278,1.25
OV/2.Validation/conditional_to_pass_changelog_20260513.md,3038,2.97
OV/2.Validation/ov_automation_validation_report_20260513.md,5681,5.55
OV/2.Validation/ov_config_dump.yaml,2172,2.12
OV/2.Validation/ov_im_cluster_drug_links_full.csv,7035,6.87
OV/2.Validation/ov_prior_review_20260513.md,1775,1.73
OV/2.Validation/ov_seed_and_k_search_verification_20260513.json,369,0.36
OV/2.Validation/ov_step_by_step_integrity_check.csv,904,0.88
OV/3.Model_metadata/ensemble_summary.json,425,0.42
OV/3.Model_metadata/metrics_summary.json,3164,3.09
OV/4.Agent_reports/agent0_postflight.json,525,0.51
OV/4.Agent_reports/agent0_preflight.json,610,0.6
OV/4.Agent_reports/agent3_im2_repair.json,1129,1.1
OV/4.Agent_reports/agent3_step2_repair.json,1793,1.75
OV/4.Agent_reports/agent3_step3_repair.json,1818,1.78
OV/README.md,1705,1.67
PAH/0.Image_modal_PAH/im4c_pah_cluster_drug_mapping.csv,5329,5.2
PAH/0.Image_modal_PAH/im4c_pah_stratification_hypothesis.md,1265,1.24
PAH/0.Image_modal_PAH/step_im2/ct_clip_embeddings_176.csv,1900849,1856.3
PAH/0.Image_modal_PAH/step_im2/ctclip_embedding_manifest_20260505.csv,75666,73.89
PAH/0.Image_modal_PAH/step_im2/smoke_xpu/ctclip_xpu_smoke_report_20260505.json,1024,1.0
PAH/0.Image_modal_PAH/step_im2/smoke_xpu/ctclip_xpu_smoke_report_20260505.md,410,0.4
PAH/0.Image_modal_PAH/step_im2/step_im2_embedding_report.md,338,0.33
PAH/0.Image_modal_PAH/step_im2/step_im2_embedding_report_20260505.json,476,0.46
PAH/0.Image_modal_PAH/step_im3/clustering_optimization.csv,143,0.14
PAH/0.Image_modal_PAH/step_im3/patient_clusters.csv,8582,8.38
PAH/0.Image_modal_PAH/step_im3/step_im3_clustering_report.md,99,0.1
PAH/0.Image_modal_PAH/step_im3/umap_cluster_plot.png,106976,104.47
PAH/0.Image_modal_PAH/step_im4a/cluster_clinical_boxplots.png,91631,89.48
PAH/0.Image_modal_PAH/step_im4a/cluster_fvc_trajectories.png,458447,447.7
PAH/0.Image_modal_PAH/step_im4a/im4a_clinical_association_summary.csv,458,0.45
PAH/0.Image_modal_PAH/step_im4a/im4a_cluster_descriptive_stats.csv,1198,1.17
PAH/0.Image_modal_PAH/step_im4a/im4a_fvc_cluster_summary_for_tests.csv,500,0.49
PAH/0.Image_modal_PAH/step_im4a/im4a_progression_contingency_for_chisq.csv,35,0.03
PAH/0.Image_modal_PAH/step_im4a/im4a_progression_distribution.csv,142,0.14
PAH/0.Image_modal_PAH/step_im4a/im4a_quantitative_statistical_tests.csv,395,0.39
PAH/0.Image_modal_PAH/step_im4a/step_im4a_report.md,431,0.42
PAH/0.Image_modal_PAH/step_im4b/im4b_fvc_prediction_comparison.csv,1363,1.33
PAH/0.Image_modal_PAH/step_im4b/im4b_fvc_prediction_fold_metrics.csv,3624,3.54
PAH/0.Image_modal_PAH/step_im4b/im4b_roc_curves.png,67517,65.93
PAH/0.Image_modal_PAH/step_im4b/im4b_statistical_test.csv,521,0.51
PAH/0.Image_modal_PAH/step_im4b/step_im4b_report.md,316,0.31
PAH/0.Image_modal_PAH/step_im5_pah_report.md,873,0.85
PAH/1.Drug_results/pah_admet_22assay_results.csv,174699,170.6
PAH/1.Drug_results/pah_admet_classified_top30.csv,27584,26.94
PAH/1.Drug_results/pah_admet_hard_fail_summary.csv,11746,11.47
PAH/1.Drug_results/pah_clinical_drug_rank_lookup.csv,2339,2.28
PAH/1.Drug_results/pah_final_11_tiered.csv,3087,3.01
PAH/1.Drug_results/pah_top30_clinical_reranked.csv,3939,3.85
PAH/2.External_validation/ev_drug_ranking_GSE15197_2A.csv,888873,868.04
PAH/2.External_validation/ev_drug_ranking_GSE15197_2B.csv,888921,868.09
PAH/2.External_validation/ev_performance_summary.csv,1774,1.73
PAH/2.External_validation/ev_report.md,2357,2.3
PAH/2.External_validation/ev_top30_overlap.json,3016,2.95
PAH/3.Model_metadata/drug_target_pairs.csv,1272881,1243.05
PAH/3.Model_metadata/drug_target_summary.csv,614,0.6
PAH/3.Model_metadata/pah_approved_drugs_pipeline_lookup.csv,522,0.51
PAH/3.Model_metadata/pah_target_resolution.csv,683,0.67
PAH/3.Model_metadata/step5_2B_boosting3_full_cv_summary.csv,1245,1.22
PAH/3.Model_metadata/step5_2B_boosting3_full_manifest.json,420,0.41
PAH/4.Cluster_drug_mapping/im4c_pah_cluster_drug_mapping.csv,5329,5.2
PAH/4.Cluster_drug_mapping/im4c_pah_stratification_hypothesis.md,1265,1.24
PDAC/0.Image_modal_PAAD/step_im2/all_patient_embeddings_pdac_merged_metadata.csv,2690,2.63
PDAC/0.Image_modal_PAAD/step_im2/all_slide_embeddings_pdac_merged_metadata.csv,15143,14.79
PDAC/0.Image_modal_PAAD/step_im2/embedding_qc.json,232,0.23
PDAC/0.Image_modal_PAAD/step_im3/clustering_summary.json,222,0.22
PDAC/0.Image_modal_PAAD/step_im3/kmeans_silhouette.csv,160,0.16
PDAC/0.Image_modal_PAAD/step_im3/patient_clusters.csv,6773,6.61
PDAC/0.Image_modal_PAAD/step_im3/pca_clusters.png,92875,90.7
PDAC/0.Image_modal_PAAD/step_im4a/cluster_clinical_mutation_merged.csv,95181,92.95
PDAC/0.Image_modal_PAAD/step_im4a/cluster_clinical_summary.csv,448,0.44
PDAC/0.Image_modal_PAAD/step_im4a/cluster_kaplan_meier_os.png,55277,53.98
PDAC/0.Image_modal_PAAD/step_im4a/cluster_molecular_subtype_distribution.csv,67,0.07
PDAC/0.Image_modal_PAAD/step_im4a/cluster_mutation_frequency.csv,238,0.23
PDAC/0.Image_modal_PAAD/step_im4a/cluster_statistical_tests.csv,901,0.88
PDAC/0.Image_modal_PAAD/step_im4a/molecular_subtype_availability.json,360,0.35
PDAC/0.Image_modal_PAAD/step_im4a/survival_logrank_pvalue.json,97,0.09
PDAC/0.Image_modal_PAAD/step_im4c/pdac_cluster_pathway_features.csv,138,0.13
PDAC/0.Image_modal_PAAD/step_im4c/pdac_drug_recommendation_summary.json,202,0.2
PDAC/0.Image_modal_PAAD/step_im4c/pdac_final_drug_cluster_recommendations.csv,8318,8.12
PDAC/0.Image_modal_PAAD/step_im4c/pdac_top30_4tier_classification.csv,32935,32.16
PDAC/0.Image_modal_PAAD/step_im4c/pdac_top30_admet_4tier_classification.csv,32935,32.16
PDAC/0.Image_modal_PAAD/step_im4c/pdac_top30_cluster_drug_hypotheses.csv,8318,8.12
PDAC/0.Image_modal_PAAD/step_im5/pdac_step4_summary.md,746,0.73
PDAC/0.Image_modal_PAAD/step_im5/reranking_comparison_20260430_v1.csv,223,0.22
PDAC/admet/20260427_pdac_step4_v1_no_holdout/admet_summary_independent.json,243,0.24
PDAC/external_validation/20260427_pdac_step4_v1_no_holdout/external_validation_independent_summary.json,332,0.32
PDAC/reports/PDAC_pipeline_full_summary_20260428.md,1175,1.15
PDAC/results/20260427_pdac_step4_v1_no_holdout/step7_top15_pdac_admet_with_vt.csv,579,0.57
PDAC/results/20260427_pdac_step4_v1_no_holdout/top30_pdac_with_vt.csv,1079,1.05
PDAC/scripts/run_step7_pdac.sh,239,0.23
Psoriasis/0.Image_modal_Psoriasis/step_im2/psoriasis_biomedclip_embedding_summary.json,235,0.23
Psoriasis/0.Image_modal_Psoriasis/step_im2/psoriasis_biomedclip_image_embedding_index.csv,28665,27.99
Psoriasis/0.Image_modal_Psoriasis/step_im2/psoriasis_image_manifest.csv,45482,44.42
Psoriasis/0.Image_modal_Psoriasis/step_im3/psoriasis_biomedclip_kmeans_pca.png,82697,80.76
Psoriasis/0.Image_modal_Psoriasis/step_im3/psoriasis_clustering_summary.json,226,0.22
Psoriasis/0.Image_modal_Psoriasis/step_im3/psoriasis_image_clusters.csv,30930,30.21
Psoriasis/0.Image_modal_Psoriasis/step_im3/psoriasis_kmeans_silhouette_metrics.csv,101,0.1
Psoriasis/0.Image_modal_Psoriasis/step_im4a/cluster_clinical_label_summary.csv,217,0.21
Psoriasis/0.Image_modal_Psoriasis/step_im4a/cluster_statistical_tests.csv,220,0.21
Psoriasis/0.Image_modal_Psoriasis/step_im4a/severity_association_status.json,269,0.26
Psoriasis/0.Image_modal_Psoriasis/step_im4c/psoriasis_4tier_counts.csv,42,0.04
Psoriasis/0.Image_modal_Psoriasis/step_im4c/psoriasis_cluster_drug_linkage.csv,20112,19.64
Psoriasis/0.Image_modal_Psoriasis/step_im4c/psoriasis_top_drugs_4tier_classification.csv,7818,7.63
Psoriasis/0.Image_modal_Psoriasis/step_im5/psoriasis_image_modal_summary.md,1040,1.02
Psoriasis/0.Image_modal_Psoriasis_UNI2/step_im1/histai_psoriasis_candidate_cases.csv,8832,8.62
Psoriasis/0.Image_modal_Psoriasis_UNI2/step_im1/histai_psoriasis_candidate_cases_quality_20260509.csv,9919,9.69
Psoriasis/0.Image_modal_Psoriasis_UNI2/step_im1/histai_psoriasis_filter_summary.json,668,0.65
Psoriasis/0.Image_modal_Psoriasis_UNI2/step_im1/histai_psoriasis_planned_he_slides.csv,5862,5.72
Psoriasis/0.Image_modal_Psoriasis_UNI2/step_im1/histai_psoriasis_step1_summary_20260509.json,1447,1.41
Psoriasis/0.Image_modal_Psoriasis_UNI2/step_im1/histai_psoriasis_step1_summary_20260509.md,670,0.65
Psoriasis/0.Image_modal_Psoriasis_UNI2/step_im1/histai_psoriasis_strong_positive_he_slides_20260509.csv,432,0.42
Psoriasis/admet/details/phase2a_CatBoost_admet_details.csv,85888,83.88
Psoriasis/admet/details/phase2a_ExtraTrees_admet_details.csv,87421,85.37
Psoriasis/admet/details/phase2a_LightGBM_admet_details.csv,86101,84.08
Psoriasis/admet/details/phase2a_RandomForest_admet_details.csv,88741,86.66
Psoriasis/admet/details/phase2a_XGBoost_admet_details.csv,85411,83.41
Psoriasis/admet/final_drug_candidates.csv,5452,5.32
Psoriasis/admet/final_drug_candidates_recommended_only.csv,4962,4.85
Psoriasis/admet/model_outputs/phase2a_CatBoost_final15_filtered.csv,3147,3.07
Psoriasis/admet/model_outputs/phase2a_CatBoost_top30_admet_annotated.csv,5904,5.77
Psoriasis/admet/model_outputs/phase2a_ExtraTrees_final15_filtered.csv,3194,3.12
Psoriasis/admet/model_outputs/phase2a_ExtraTrees_top30_admet_annotated.csv,6027,5.89
Psoriasis/admet/model_outputs/phase2a_LightGBM_final15_filtered.csv,3161,3.09
Psoriasis/admet/model_outputs/phase2a_LightGBM_top30_admet_annotated.csv,5965,5.83
Psoriasis/admet/model_outputs/phase2a_RandomForest_final15_filtered.csv,3224,3.15
Psoriasis/admet/model_outputs/phase2a_RandomForest_top30_admet_annotated.csv,6087,5.94
Psoriasis/admet/model_outputs/phase2a_XGBoost_final15_filtered.csv,3149,3.08
Psoriasis/admet/model_outputs/phase2a_XGBoost_top30_admet_annotated.csv,5925,5.79
Psoriasis/admet/psoriasis_step7_admet_summary_20260507_v2_baseline.csv,366,0.36
Psoriasis/admet/selection_summary.json,10831,10.58
Psoriasis/admet/step7_psoriasis_admet_filter_20260507_v2_baseline_summary.json,2661,2.6
Psoriasis/external_validation/step6/model_outputs/phase2a_CatBoost_top15_validated.csv,4031,3.94
Psoriasis/external_validation/step6/model_outputs/phase2a_CatBoost_top30_validated.csv,7578,7.4
Psoriasis/external_validation/step6/model_outputs/phase2a_ExtraTrees_top15_validated.csv,4085,3.99
Psoriasis/external_validation/step6/model_outputs/phase2a_ExtraTrees_top30_validated.csv,7728,7.55
Psoriasis/external_validation/step6/model_outputs/phase2a_LightGBM_top15_validated.csv,4052,3.96
Psoriasis/external_validation/step6/model_outputs/phase2a_LightGBM_top30_validated.csv,7666,7.49
Psoriasis/external_validation/step6/model_outputs/phase2a_RandomForest_top15_validated.csv,4115,4.02
Psoriasis/external_validation/step6/model_outputs/phase2a_RandomForest_top30_validated.csv,7788,7.61
Psoriasis/external_validation/step6/model_outputs/phase2a_XGBoost_top15_validated.csv,4040,3.95
Psoriasis/external_validation/step6/model_outputs/phase2a_XGBoost_top30_validated.csv,7618,7.44
Psoriasis/external_validation/step6/positive_controls.csv,2089,2.04
Psoriasis/external_validation/step6/psoriasis_step6_model_top30_validation_report_20260507_v2_baseline.csv,36542,35.69
Psoriasis/external_validation/step6/psoriasis_step6_model_validation_summary_20260507_v2_baseline.csv,458,0.45
Psoriasis/external_validation/step6/psoriasis_step6_reference_drug_space_report_20260507_v2_baseline.csv,2089,2.04
Psoriasis/external_validation/step6/step6_psoriasis_external_validation_20260507_v2_baseline_summary.json,4947,4.83
Psoriasis/external_validation/step6/validation_inputs/GSE106992_validation_samples_parsed_20260507_v2_baseline.csv,265334,259.12
Psoriasis/external_validation/step6/validation_inputs/GSE117239_validation_samples_parsed_20260507_v2_baseline.csv,276916,270.43
Psoriasis/external_validation/step6/validation_inputs/GSE136757_validation_samples_parsed_20260507_v2_baseline.csv,113580,110.92
Psoriasis/external_validation/step6/validation_inputs/GSE69967_validation_samples_parsed_20260507_v2_baseline.csv,72442,70.74
Psoriasis/external_validation/step6b/GSE136757_recovery_summary_20260507_v2_baseline.csv,819,0.8
Psoriasis/external_validation/step6b/GSE69967_recovery_summary_20260507_v2_baseline.csv,2765,2.7
Psoriasis/external_validation/step6b/model_outputs/phase2a_CatBoost_top15_empirical_validated.csv,4354,4.25
Psoriasis/external_validation/step6b/model_outputs/phase2a_CatBoost_top30_empirical_validated.csv,8147,7.96
Psoriasis/external_validation/step6b/model_outputs/phase2a_ExtraTrees_top15_empirical_validated.csv,4408,4.3
Psoriasis/external_validation/step6b/model_outputs/phase2a_ExtraTrees_top30_empirical_validated.csv,8321,8.13
Psoriasis/external_validation/step6b/model_outputs/phase2a_LightGBM_top15_empirical_validated.csv,4375,4.27
Psoriasis/external_validation/step6b/model_outputs/phase2a_LightGBM_top30_empirical_validated.csv,8259,8.07
Psoriasis/external_validation/step6b/model_outputs/phase2a_RandomForest_top15_empirical_validated.csv,4438,4.33
Psoriasis/external_validation/step6b/model_outputs/phase2a_RandomForest_top30_empirical_validated.csv,8381,8.18
Psoriasis/external_validation/step6b/model_outputs/phase2a_XGBoost_top15_empirical_validated.csv,4363,4.26
Psoriasis/external_validation/step6b/model_outputs/phase2a_XGBoost_top30_empirical_validated.csv,8211,8.02
Psoriasis/external_validation/step6b/psoriasis_step6b_model_empirical_validation_summary_20260507_v2_baseline.csv,235,0.23
Psoriasis/external_validation/step6b/step6b_psoriasis_molecular_validation_20260507_v2_baseline_summary.json,3464,3.38
Psoriasis/manifests/packaged_asset_copy_summary_20260507_psoriasis.json,41132,40.17
Psoriasis/model_results/ml/metrics_summary.csv,4527,4.42
Psoriasis/model_results/ml/metrics_summary.json,608,0.59
Psoriasis/model_results/ml/psoriasis_v2_baseline_ml_folds_20260507_v1.csv,10218,9.98
Psoriasis/model_results/ml/psoriasis_v2_baseline_ml_known_drug_ranks_20260507_v1.csv,5742,5.61
Psoriasis/model_results/ml/psoriasis_v2_baseline_ml_summary_20260507_v1.csv,4527,4.42
Psoriasis/model_results/ml/psoriasis_v2_baseline_ml_summary_20260507_v1.json,608,0.59
Psoriasis/model_results/ml/toplists/phase2a_CatBoost_top30.csv,1468,1.43
Psoriasis/model_results/ml/toplists/phase2a_ExtraTrees_top30.csv,1481,1.45
Psoriasis/model_results/ml/toplists/phase2a_LightGBM_top30.csv,1480,1.45
Psoriasis/model_results/ml/toplists/phase2a_RandomForest_top30.csv,1481,1.45
Psoriasis/model_results/ml/toplists/phase2a_XGBoost_top30.csv,1480,1.45
Psoriasis/model_results/ml/toplists/phase2b_CatBoost_top30.csv,1467,1.43
Psoriasis/model_results/ml/toplists/phase2b_ExtraTrees_top30.csv,1481,1.45
Psoriasis/model_results/ml/toplists/phase2b_LightGBM_top30.csv,1481,1.45
Psoriasis/model_results/ml/toplists/phase2b_RandomForest_top30.csv,1481,1.45
Psoriasis/model_results/ml/toplists/phase2b_XGBoost_top30.csv,1482,1.45
Psoriasis/reports/FINAL_HANDOFF_20260507.md,3185,3.11
Psoriasis/reports/README.md,3132,3.06
Psoriasis/reports/psoriasis_ra_baseline_handoff_20260507.md,2316,2.26
Psoriasis/reports/psoriasis_v2_baseline_lineage_manifest_20260507_v1.json,3356,3.28
RA/0.Image_modal_RA/step_im1/ra_xray_data_access_status_20260507.md,3935,3.84
RA/0.Image_modal_RA/step_im1/ramw600_data_summary.json,465,0.45
RA/0.Image_modal_RA/step_im1/ramw600_metadata_parsed.csv,54136,52.87
RA/0.Image_modal_RA/step_im1/ramw600_patient_manifest_with_svdh.csv,5435,5.31
RA/0.Image_modal_RA/step_im1/ramw600_wrist_manifest_with_svdh.csv,219661,214.51
RA/0.Image_modal_RA/step_im2/ra_ramw600_biomedclip_embedding_summary.json,185,0.18
RA/0.Image_modal_RA/step_im2/ra_ramw600_biomedclip_patient_embedding_index.csv,1046,1.02
RA/0.Image_modal_RA/step_im2/ra_ramw600_biomedclip_wrist_embedding_index.csv,9611,9.39
RA/0.Image_modal_RA/step_im3/ra_ramw600_cluster_pca.png,85613,83.61
RA/0.Image_modal_RA/step_im3/ra_ramw600_clustering_summary.json,251,0.25
RA/0.Image_modal_RA/step_im3/ra_ramw600_kmeans_silhouette.csv,190,0.19
RA/0.Image_modal_RA/step_im3/ra_ramw600_patient_clusters.csv,10947,10.69
RA/0.Image_modal_RA/step_im3/ra_ramw600_svdh_by_cluster.png,36056,35.21
RA/0.Image_modal_RA/step_im4a/ra_ramw600_cluster_clinical_summary.csv,179,0.17
RA/0.Image_modal_RA/step_im4a/ra_ramw600_cluster_severity_distribution.csv,60,0.06
RA/0.Image_modal_RA/step_im4a/ra_ramw600_cluster_statistical_tests.csv,190,0.19
RA/0.Image_modal_RA/step_im4c/ra_ramw600_cluster_drug_linkage.csv,9380,9.16
RA/0.Image_modal_RA/step_im5/ra_ramw600_image_modal_summary.md,1240,1.21
RA/admet/details/phase2a_CatBoost_admet_details.csv,86697,84.67
RA/admet/details/phase2a_ExtraTrees_admet_details.csv,87798,85.74
RA/admet/details/phase2a_LightGBM_admet_details.csv,86478,84.45
RA/admet/details/phase2a_RandomForest_admet_details.csv,89118,87.03
RA/admet/details/phase2a_XGBoost_admet_details.csv,85876,83.86
RA/admet/final_drug_candidates.csv,5786,5.65
RA/admet/final_drug_candidates_recommended_only.csv,5529,5.4
RA/admet/model_outputs/phase2a_CatBoost_final15_filtered.csv,3206,3.13
RA/admet/model_outputs/phase2a_CatBoost_top30_admet_annotated.csv,6059,5.92
RA/admet/model_outputs/phase2a_ExtraTrees_final15_filtered.csv,3219,3.14
RA/admet/model_outputs/phase2a_ExtraTrees_top30_admet_annotated.csv,6049,5.91
RA/admet/model_outputs/phase2a_LightGBM_final15_filtered.csv,3194,3.12
RA/admet/model_outputs/phase2a_LightGBM_top30_admet_annotated.csv,5993,5.85
RA/admet/model_outputs/phase2a_RandomForest_final15_filtered.csv,3249,3.17
RA/admet/model_outputs/phase2a_RandomForest_top30_admet_annotated.csv,6109,5.97
RA/admet/model_outputs/phase2a_XGBoost_final15_filtered.csv,3178,3.1
RA/admet/model_outputs/phase2a_XGBoost_top30_admet_annotated.csv,5990,5.85
RA/admet/ra_step7_admet_summary_20260507_v1.csv,380,0.37
RA/admet/selection_summary.json,10433,10.19
RA/admet/step7_ra_admet_filter_20260507_v1_summary.json,2626,2.56
RA/external_validation/step6/model_outputs/phase2a_CatBoost_top15_validated.csv,5385,5.26
RA/external_validation/step6/model_outputs/phase2a_CatBoost_top30_validated.csv,10243,10.0
RA/external_validation/step6/model_outputs/phase2a_ExtraTrees_top15_validated.csv,5382,5.26
RA/external_validation/step6/model_outputs/phase2a_ExtraTrees_top30_validated.csv,10277,10.04
RA/external_validation/step6/model_outputs/phase2a_LightGBM_top15_validated.csv,5357,5.23
RA/external_validation/step6/model_outputs/phase2a_LightGBM_top30_validated.csv,10221,9.98
RA/external_validation/step6/model_outputs/phase2a_RandomForest_top15_validated.csv,5412,5.29
RA/external_validation/step6/model_outputs/phase2a_RandomForest_top30_validated.csv,10337,10.09
RA/external_validation/step6/model_outputs/phase2a_XGBoost_top15_validated.csv,5341,5.22
RA/external_validation/step6/model_outputs/phase2a_XGBoost_top30_validated.csv,10205,9.97
RA/external_validation/step6/positive_controls.csv,1008,0.98
RA/external_validation/step6/ra_step6_model_top30_validation_report_20260507_v1.csv,49467,48.31
RA/external_validation/step6/ra_step6_model_validation_summary_20260507_v1.csv,422,0.41
RA/external_validation/step6/ra_step6_reference_drug_space_report_20260507_v1.csv,1008,0.98
RA/external_validation/step6/step6_ra_external_validation_20260507_v1_summary.json,4288,4.19
RA/external_validation/step6/validation_inputs/GSE55235_validation_samples_parsed_20260507_v1.csv,19798,19.33
RA/external_validation/step6/validation_inputs/GSE55457_validation_samples_parsed_20260507_v1.csv,15754,15.38
RA/external_validation/step6/validation_inputs/GSE89408_validation_samples_parsed_20260507_v1.csv,70809,69.15
RA/external_validation/step6/validation_inputs/GSE93272_validation_samples_parsed_20260507_v1.csv,395826,386.55
RA/manifests/packaged_asset_copy_summary_20260507_ra.json,37865,36.98
RA/model_results/ml/metrics_summary.csv,4530,4.42
RA/model_results/ml/metrics_summary.json,533,0.52
RA/model_results/ml/ra_v3_named_drug_baseline_ml_fold_metrics_20260507_v1.csv,10275,10.03
RA/model_results/ml/ra_v3_named_drug_baseline_ml_known_drug_ranks_20260507_v1.csv,4938,4.82
RA/model_results/ml/ra_v3_named_drug_baseline_ml_summary_20260507_v1.csv,4530,4.42
RA/model_results/ml/ra_v3_named_drug_baseline_ml_summary_20260507_v1.json,533,0.52
RA/model_results/ml/toplists/phase2a_CatBoost_drug_rankings.csv,9991,9.76
RA/model_results/ml/toplists/phase2a_CatBoost_top30.csv,2450,2.39
RA/model_results/ml/toplists/phase2a_ExtraTrees_drug_rankings.csv,9922,9.69
RA/model_results/ml/toplists/phase2a_ExtraTrees_top30.csv,2442,2.38
RA/model_results/ml/toplists/phase2a_LightGBM_drug_rankings.csv,10000,9.77
RA/model_results/ml/toplists/phase2a_LightGBM_top30.csv,2446,2.39
RA/model_results/ml/toplists/phase2a_RandomForest_drug_rankings.csv,9922,9.69
RA/model_results/ml/toplists/phase2a_RandomForest_top30.csv,2442,2.38
RA/model_results/ml/toplists/phase2a_XGBoost_drug_rankings.csv,9997,9.76
RA/model_results/ml/toplists/phase2a_XGBoost_top30.csv,2448,2.39
RA/model_results/ml/toplists/phase2b_CatBoost_drug_rankings.csv,9997,9.76
RA/model_results/ml/toplists/phase2b_CatBoost_top30.csv,2449,2.39
RA/model_results/ml/toplists/phase2b_ExtraTrees_drug_rankings.csv,9922,9.69
RA/model_results/ml/toplists/phase2b_ExtraTrees_top30.csv,2442,2.38
RA/model_results/ml/toplists/phase2b_LightGBM_drug_rankings.csv,9997,9.76
RA/model_results/ml/toplists/phase2b_LightGBM_top30.csv,2447,2.39
RA/model_results/ml/toplists/phase2b_RandomForest_drug_rankings.csv,9922,9.69
RA/model_results/ml/toplists/phase2b_RandomForest_top30.csv,2442,2.38
RA/model_results/ml/toplists/phase2b_XGBoost_drug_rankings.csv,9989,9.75
RA/model_results/ml/toplists/phase2b_XGBoost_top30.csv,2448,2.39
RA/reports/FINAL_HANDOFF_20260507.md,2921,2.85
RA/reports/README.md,2337,2.28
RA/reports/psoriasis_ra_baseline_handoff_20260507.md,2316,2.26
RA/reports/ra_step6_external_validation_spec_20260507_v1.md,4807,4.69
RA/reports/ra_v3_named_drug_baseline_lineage_manifest_20260507_v1.json,3254,3.18
README.md,5866,5.73
REPOSITORY_FILE_MANIFEST.csv,78285,76.45
S3_DATA_INDEX.md,1861,1.82
STAD/0.Image_modal_STAD/step_im2/all_patient_embeddings_stad_merged_metadata.csv,3400,3.32
STAD/0.Image_modal_STAD/step_im2/all_slide_embeddings_stad_merged_metadata.csv,26291,25.67
STAD/0.Image_modal_STAD/step_im2/embedding_qc.json,336,0.33
STAD/0.Image_modal_STAD/step_im3/clustering_summary.json,79,0.08
STAD/0.Image_modal_STAD/step_im3/kmeans_silhouette.csv,146,0.14
STAD/0.Image_modal_STAD/step_im3/patient_clusters.csv,8499,8.3
STAD/0.Image_modal_STAD/step_im3/pca_clusters.png,116555,113.82
STAD/0.Image_modal_STAD/step_im4a/cluster_clinical_mutation_merged.csv,131327,128.25
STAD/0.Image_modal_STAD/step_im4a/cluster_clinical_summary.csv,81,0.08
STAD/0.Image_modal_STAD/step_im4a/cluster_kaplan_meier_os.png,55446,54.15
STAD/0.Image_modal_STAD/step_im4a/cluster_mutation_frequency.csv,601,0.59
STAD/0.Image_modal_STAD/step_im4a/cluster_statistical_tests.csv,937,0.92
STAD/0.Image_modal_STAD/step_im4a/survival_logrank_pvalue.json,95,0.09
STAD/0.Image_modal_STAD/step_im4c/stad_cluster_pathway_profiles.csv,866,0.85
STAD/0.Image_modal_STAD/step_im4c/stad_final_drug_cluster_recommendations.csv,8619,8.42
STAD/0.Image_modal_STAD/step_im4c/stad_top30_4tier_classification.csv,9256,9.04
STAD/0.Image_modal_STAD/step_im4c/stad_top30_admet_4tier_classification.csv,9256,9.04
STAD/0.Image_modal_STAD/step_im5/reranking_comparison_20260430_v1.csv,294,0.29
STAD/0.Image_modal_STAD/step_im5/stad_image_modal_step4_summary.md,1568,1.53
STAD/pipeline_s3_work/fe_output/20260421_stad_fe_v1/features/manifest.json,743296,725.88
STAD/pipeline_s3_work/fe_output/20260421_stad_fe_v1/pair_features/feature_manifest.json,5744,5.61
STAD/pipeline_s3_work/fe_output/reports/fe_trace_20260421_stad_fe_v1.txt,844,0.82
STAD/pipeline_s3_work/work/3a/aeb472c8cec28211e702c863bd5167/.command.sh,602,0.59
STAD/pipeline_s3_work/work/3a/aeb472c8cec28211e702c863bd5167/fe_inputs/bridge_manifest.json,625,0.61
STAD/pipeline_s3_work/work/3a/aeb472c8cec28211e702c863bd5167/fe_inputs/join_qc_report.json,1110,1.08
STAD/pipeline_s3_work/work/d0/874eed0ba4cfdb506f9f4e7a78ebb8/.command.sh,485,0.47
STAD/pipeline_s3_work/work/d1/9e571dcdec3b9b7f71bd85679c207d/.command.sh,687,0.67
STAD/pipeline_s3_work/work/d1/9e571dcdec3b9b7f71bd85679c207d/pair_features/feature_manifest.json,5744,5.61
STAD/pipeline_s3_work/work/e6/7a4698958511c16add153c4e5e1ef9/.command.sh,440,0.43
STAD/pipeline_s3_work/work/e6/7a4698958511c16add153c4e5e1ef9/features/manifest.json,743296,725.88
drug_service_backend_v1/07_search/README.md,931,0.91
drug_service_backend_v1/07_search/index_text_search_v1.py,8246,8.05
drug_service_backend_v1/07_search/search_validation_v1.md,1107,1.08
drug_service_backend_v1/API_CONTRACT_REACT_V2.md,8231,8.04
drug_service_backend_v1/FRONTEND_HANDOFF_REACT_V2.md,5073,4.95
drug_service_backend_v1/MODEL_ROADMAP_v2.md,1635,1.6
drug_service_backend_v1/README.md,3471,3.39
drug_service_backend_v1/backend/.dockerignore,29,0.03
drug_service_backend_v1/backend/.env.example,357,0.35
drug_service_backend_v1/backend/Dockerfile,212,0.21
drug_service_backend_v1/backend/README.md,3192,3.12
drug_service_backend_v1/backend/app/__init__.py,1,0.0
drug_service_backend_v1/backend/app/config.py,818,0.8
drug_service_backend_v1/backend/app/db.py,845,0.83
drug_service_backend_v1/backend/app/graph_db.py,835,0.82
drug_service_backend_v1/backend/app/main.py,20610,20.13
drug_service_backend_v1/backend/app/schemas.py,2833,2.77
drug_service_backend_v1/backend/app/search_db.py,2261,2.21
drug_service_backend_v1/backend/requirements.txt,126,0.12
drug_service_backend_v1/docker-compose.backend.yml,4121,4.02
drug_service_db_v1/03_normalized/admet_results.csv,440102,429.79
drug_service_db_v1/03_normalized/canonical_drugs.csv,19481,19.02
drug_service_db_v1/03_normalized/disease_aliases.csv,1829,1.79
drug_service_db_v1/03_normalized/diseases.csv,1854,1.81
drug_service_db_v1/03_normalized/drug_aliases.csv,16993,16.59
drug_service_db_v1/03_normalized/drug_candidates.csv,443609,433.21
drug_service_db_v1/03_normalized/drugs.csv,17401,16.99
drug_service_db_v1/03_normalized/image_modal_cluster_members.csv,4402123,4298.95
drug_service_db_v1/03_normalized/image_modal_clusters.csv,23508,22.96
drug_service_db_v1/03_normalized/image_modal_drug_evidence.csv,281653,275.05
drug_service_db_v1/03_normalized/image_modal_evidence_drug_matches.csv,35865,35.02
drug_service_db_v1/03_normalized/image_modal_reports.csv,53934,52.67
drug_service_db_v1/03_normalized/image_modal_sources.csv,5982,5.84
drug_service_db_v1/03_normalized/selected_sources.csv,1846,1.8
drug_service_db_v1/04_db_load/README.md,881,0.86
drug_service_db_v1/04_db_load/build_alias_tables.py,9327,9.11
drug_service_db_v1/04_db_load/docker-compose.postgres.yml,589,0.58
drug_service_db_v1/04_db_load/load_postgres.sh,4126,4.03
drug_service_db_v1/04_db_load/load_postgres_compose.sh,4124,4.03
drug_service_db_v1/04_db_load/normalize_for_postgres.py,6027,5.89
drug_service_db_v1/04_db_load/normalize_image_modal_for_postgres.py,15470,15.11
drug_service_db_v1/04_db_load/postgres_schema.sql,4872,4.76
drug_service_db_v1/05_validation/api_disease_counts_v1.csv,412,0.4
drug_service_db_v1/05_validation/api_smoke_test_v1.json,5700,5.57
drug_service_db_v1/05_validation/api_smoke_test_v2.json,9696,9.47
drug_service_db_v1/05_validation/cluster_profile_v1.csv,201,0.2
drug_service_db_v1/05_validation/cross_disease_canonical_drugs_v1.csv,2364,2.31
drug_service_db_v1/05_validation/evidence_only_drugs_v2.csv,358,0.35
drug_service_db_v1/05_validation/full_compose_validation_v1.md,2013,1.97
drug_service_db_v1/05_validation/image_modal_evidence_by_disease_v2.csv,128,0.12
drug_service_db_v1/05_validation/image_modal_match_status_v2.csv,50,0.05
drug_service_db_v1/05_validation/run_validation_v1.py,10422,10.18
drug_service_db_v1/05_validation/run_validation_v2.py,7670,7.49
drug_service_db_v1/05_validation/target_profile_v1.csv,117,0.11
drug_service_db_v1/05_validation/target_profile_v2.csv,118,0.12
drug_service_db_v1/05_validation/unresolved_aliases_v1.csv,213,0.21
drug_service_db_v1/05_validation/validation_checks_v1.csv,7619,7.44
drug_service_db_v1/05_validation/validation_checks_v2.csv,381,0.37
drug_service_db_v1/05_validation/validation_counts_v1.csv,279,0.27
drug_service_db_v1/05_validation/validation_counts_v2.csv,318,0.31
drug_service_db_v1/05_validation/validation_summary_v1.md,1278,1.25
drug_service_db_v1/05_validation/validation_summary_v2.md,1268,1.24
drug_service_db_v1/06_graph/README.md,1880,1.84
drug_service_db_v1/06_graph/build_neo4j_import_csv.py,14019,13.69
drug_service_db_v1/06_graph/import/graph_candidate_for_edges.csv,43411,42.39
drug_service_db_v1/06_graph/import/graph_candidate_target_edges.csv,28865,28.19
drug_service_db_v1/06_graph/import/graph_cluster_evidence_edges.csv,34232,33.43
drug_service_db_v1/06_graph/import/graph_disease_aliases.csv,1829,1.79
drug_service_db_v1/06_graph/import/graph_diseases.csv,1854,1.81
drug_service_db_v1/06_graph/import/graph_drug_aliases.csv,16993,16.59
drug_service_db_v1/06_graph/import/graph_drugs.csv,22200,21.68
drug_service_db_v1/06_graph/import/graph_evidence_drug_edges.csv,32342,31.58
drug_service_db_v1/06_graph/import/graph_evidence_target_edges.csv,55807,54.5
drug_service_db_v1/06_graph/import/graph_image_clusters.csv,3234,3.16
drug_service_db_v1/06_graph/import/graph_image_evidence.csv,109066,106.51
drug_service_db_v1/06_graph/import/graph_target_concepts.csv,11985,11.7
drug_service_db_v1/06_graph/schema/graph_schema_v1.md,5311,5.19
drug_service_db_v1/06_graph/schema/neo4j_constraints.cypher,1286,1.26
drug_service_db_v1/06_graph/schema/neo4j_load_csv_v1.cypher,5204,5.08
drug_service_db_v1/06_graph/schema/neo4j_validate_counts_v1.cypher,1320,1.29
drug_service_db_v1/06_graph/validate_graph_integrity_v1.py,10948,10.69
drug_service_db_v1/06_graph/validation/graph_api_issues_v1.csv,40,0.04
drug_service_db_v1/06_graph/validation/graph_api_summary_v1.csv,3243,3.17
drug_service_db_v1/06_graph/validation/graph_api_validation_v1.md,1874,1.83
drug_service_db_v1/06_graph/validation/graph_broken_references_v1.csv,44,0.04
drug_service_db_v1/06_graph/validation/graph_import_counts_v1.csv,315,0.31
drug_service_db_v1/06_graph/validation/graph_integrity_checks_v1.csv,849,0.83
drug_service_db_v1/06_graph/validation/graph_target_omissions_v1.csv,188,0.18
drug_service_db_v1/06_graph/validation/graph_validation_summary_v1.md,4282,4.18
drug_service_db_v1/06_graph/validation/neo4j_integrity_deep_checks_v1.md,3627,3.54
drug_service_db_v1/06_graph/validation/neo4j_loaded_counts_v1.csv,329,0.32
drug_service_db_v1/06_graph/validation/neo4j_sample_queries_v1.md,1526,1.49
drug_service_db_v1/06_graph/validation/validate_graph_api_v1.py,5293,5.17
drug_service_db_v1/README.md,3351,3.27
drug_service_db_v1/docker-compose.db.yml,2141,2.09
integrated_report_fill_values_20260509.csv,1829,1.79
integrated_report_fill_values_20260509.md,2226,2.17
pipeline/.dockerignore,269,0.26
pipeline/README_local_agent.md,6039,5.9
pipeline/__init__.py,42,0.04
pipeline/__pycache__/run_disease_pipeline.cpython-312.pyc,44391,43.35
pipeline/configs/01_brca.yaml,540,0.53
pipeline/configs/02_luad.yaml,680,0.66
pipeline/configs/03_lihc.yaml,475,0.46
pipeline/configs/04_coad.yaml,1208,1.18
pipeline/configs/05_stad.yaml,486,0.47
pipeline/configs/06_pdac.yaml,456,0.45
pipeline/configs/07_hnsc.yaml,448,0.44
pipeline/configs/08_ipf.yaml,658,0.64
pipeline/configs/09_pah.yaml,658,0.64
pipeline/configs/10_psoriasis.yaml,370,0.36
pipeline/configs/11_ra.yaml,996,0.97
pipeline/run_all_diseases.sh,159,0.16
pipeline/run_disease_pipeline.py,31194,30.46
pipeline/sagemaker/Dockerfile.basic,789,0.77
pipeline/sagemaker/Dockerfile.im-gpu,821,0.8
pipeline/sagemaker/README_sagemaker.md,7900,7.71
pipeline/sagemaker/__pycache__/lambda_config.cpython-312.pyc,4088,3.99
pipeline/sagemaker/__pycache__/lambda_validate.cpython-312.pyc,3527,3.44
pipeline/sagemaker/__pycache__/run_image_modal_cpu.cpython-312.pyc,7759,7.58
pipeline/sagemaker/automation_protocol.md,4607,4.5
pipeline/sagemaker/basic_pipeline_job.py,2359,2.3
pipeline/sagemaker/deploy.sh,8456,8.26
pipeline/sagemaker/image_modal_cpu_job.py,2015,1.97
pipeline/sagemaker/lambda_config.py,2991,2.92
pipeline/sagemaker/lambda_validate.py,2307,2.25
pipeline/sagemaker/run_image_modal_cpu.py,5085,4.97
pipeline/sagemaker/step_functions_definition.json,6577,6.42
pipeline/steps/__init__.py,306,0.3
pipeline/steps/__pycache__/im1_image_collection.cpython-312.pyc,4028,3.93
pipeline/steps/__pycache__/im2_embedding.cpython-312.pyc,4772,4.66
pipeline/steps/__pycache__/im3_clustering.cpython-312.pyc,8594,8.39
pipeline/steps/__pycache__/im4c_cluster_drug.cpython-312.pyc,12868,12.57
pipeline/steps/im1_image_collection.py,3350,3.27
pipeline/steps/im2_embedding.py,4455,4.35
pipeline/steps/im3_clustering.py,5605,5.47
pipeline/steps/im4a_clinical.py,3353,3.27
pipeline/steps/im4c_cluster_drug.py,9321,9.1
pipeline/steps/im5_report.py,1562,1.53
pipeline/steps/step1_data_collection.py,14147,13.82
pipeline/steps/step2_basic_pipeline.py,40591,39.64
pipeline/steps/step3_admet.py,13593,13.27
pipeline/utils/__init__.py,34,0.03
pipeline/utils/__pycache__/image_modal_sagemaker.cpython-312.pyc,19704,19.24
pipeline/utils/cbio_utils.py,2582,2.52
pipeline/utils/embedding_utils.py,3167,3.09
pipeline/utils/image_modal_sagemaker.py,14700,14.36
pipeline/utils/s3_utils.py,752,0.73
pipeline/utils/stats_utils.py,2493,2.43
